Date,Cpi
9/17/2014,237.477
9/18/2014,237.477
9/19/2014,237.477
9/22/2014,237.477
9/23/2014,237.477
9/24/2014,237.477
9/25/2014,237.477
9/26/2014,237.477
9/29/2014,237.477
9/30/2014,237.477
10/1/2014,237.43
10/2/2014,237.43
10/3/2014,237.43
10/6/2014,237.43
10/7/2014,237.43
10/8/2014,237.43
10/9/2014,237.43
10/10/2014,237.43
10/13/2014,237.43
10/14/2014,237.43
10/15/2014,237.43
10/16/2014,237.43
10/17/2014,237.43
10/20/2014,237.43
10/21/2014,237.43
10/22/2014,237.43
10/23/2014,237.43
10/24/2014,237.43
10/27/2014,237.43
10/28/2014,237.43
10/29/2014,237.43
10/30/2014,237.43
10/31/2014,237.43
11/3/2014,236.983
11/4/2014,236.983
11/5/2014,236.983
11/6/2014,236.983
11/7/2014,236.983
11/10/2014,236.983
11/11/2014,236.983
11/12/2014,236.983
11/13/2014,236.983
11/14/2014,236.983
11/17/2014,236.983
11/18/2014,236.983
11/19/2014,236.983
11/20/2014,236.983
11/21/2014,236.983
11/24/2014,236.983
11/25/2014,236.983
11/26/2014,236.983
11/28/2014,236.983
12/1/2014,236.252
12/2/2014,236.252
12/3/2014,236.252
12/4/2014,236.252
12/5/2014,236.252
12/8/2014,236.252
12/9/2014,236.252
12/10/2014,236.252
12/11/2014,236.252
12/12/2014,236.252
12/15/2014,236.252
12/16/2014,236.252
12/17/2014,236.252
12/18/2014,236.252
12/19/2014,236.252
12/22/2014,236.252
12/23/2014,236.252
12/24/2014,236.252
12/26/2014,236.252
12/29/2014,236.252
12/30/2014,236.252
12/31/2014,236.252
1/2/2015,234.747
1/5/2015,234.747
1/6/2015,234.747
1/7/2015,234.747
1/8/2015,234.747
1/9/2015,234.747
1/12/2015,234.747
1/13/2015,234.747
1/14/2015,234.747
1/15/2015,234.747
1/16/2015,234.747
1/20/2015,234.747
1/21/2015,234.747
1/22/2015,234.747
1/23/2015,234.747
1/26/2015,234.747
1/27/2015,234.747
1/28/2015,234.747
1/29/2015,234.747
1/30/2015,234.747
2/2/2015,235.342
2/3/2015,235.342
2/4/2015,235.342
2/5/2015,235.342
2/6/2015,235.342
2/9/2015,235.342
2/10/2015,235.342
2/11/2015,235.342
2/12/2015,235.342
2/13/2015,235.342
2/17/2015,235.342
2/18/2015,235.342
2/19/2015,235.342
2/20/2015,235.342
2/23/2015,235.342
2/24/2015,235.342
2/25/2015,235.342
2/26/2015,235.342
2/27/2015,235.342
3/2/2015,235.976
3/3/2015,235.976
3/4/2015,235.976
3/5/2015,235.976
3/6/2015,235.976
3/9/2015,235.976
3/10/2015,235.976
3/11/2015,235.976
3/12/2015,235.976
3/13/2015,235.976
3/16/2015,235.976
3/17/2015,235.976
3/18/2015,235.976
3/19/2015,235.976
3/20/2015,235.976
3/23/2015,235.976
3/24/2015,235.976
3/25/2015,235.976
3/26/2015,235.976
3/27/2015,235.976
3/30/2015,235.976
3/31/2015,235.976
4/1/2015,236.222
4/2/2015,236.222
4/6/2015,236.222
4/7/2015,236.222
4/8/2015,236.222
4/9/2015,236.222
4/10/2015,236.222
4/13/2015,236.222
4/14/2015,236.222
4/15/2015,236.222
4/16/2015,236.222
4/17/2015,236.222
4/20/2015,236.222
4/21/2015,236.222
4/22/2015,236.222
4/23/2015,236.222
4/24/2015,236.222
4/27/2015,236.222
4/28/2015,236.222
4/29/2015,236.222
4/30/2015,236.222
5/1/2015,237.001
5/4/2015,237.001
5/5/2015,237.001
5/6/2015,237.001
5/7/2015,237.001
5/8/2015,237.001
5/11/2015,237.001
5/12/2015,237.001
5/13/2015,237.001
5/14/2015,237.001
5/15/2015,237.001
5/18/2015,237.001
5/19/2015,237.001
5/20/2015,237.001
5/21/2015,237.001
5/22/2015,237.001
5/26/2015,237.001
5/27/2015,237.001
5/28/2015,237.001
5/29/2015,237.001
6/1/2015,237.657
6/2/2015,237.657
6/3/2015,237.657
6/4/2015,237.657
6/5/2015,237.657
6/8/2015,237.657
6/9/2015,237.657
6/10/2015,237.657
6/11/2015,237.657
6/12/2015,237.657
6/15/2015,237.657
6/16/2015,237.657
6/17/2015,237.657
6/18/2015,237.657
6/19/2015,237.657
6/22/2015,237.657
6/23/2015,237.657
6/24/2015,237.657
6/25/2015,237.657
6/26/2015,237.657
6/29/2015,237.657
6/30/2015,237.657
7/1/2015,238.034
7/2/2015,238.034
7/6/2015,238.034
7/7/2015,238.034
7/8/2015,238.034
7/9/2015,238.034
7/10/2015,238.034
7/13/2015,238.034
7/14/2015,238.034
7/15/2015,238.034
7/16/2015,238.034
7/17/2015,238.034
7/20/2015,238.034
7/21/2015,238.034
7/22/2015,238.034
7/23/2015,238.034
7/24/2015,238.034
7/27/2015,238.034
7/28/2015,238.034
7/29/2015,238.034
7/30/2015,238.034
7/31/2015,238.034
8/3/2015,238.033
8/4/2015,238.033
8/5/2015,238.033
8/6/2015,238.033
8/7/2015,238.033
8/10/2015,238.033
8/11/2015,238.033
8/12/2015,238.033
8/13/2015,238.033
8/14/2015,238.033
8/17/2015,238.033
8/18/2015,238.033
8/19/2015,238.033
8/20/2015,238.033
8/21/2015,238.033
8/24/2015,238.033
8/25/2015,238.033
8/26/2015,238.033
8/27/2015,238.033
8/28/2015,238.033
8/31/2015,238.033
9/1/2015,237.498
9/2/2015,237.498
9/3/2015,237.498
9/4/2015,237.498
9/8/2015,237.498
9/9/2015,237.498
9/10/2015,237.498
9/11/2015,237.498
9/14/2015,237.498
9/15/2015,237.498
9/16/2015,237.498
9/17/2015,237.498
9/18/2015,237.498
9/21/2015,237.498
9/22/2015,237.498
9/23/2015,237.498
9/24/2015,237.498
9/25/2015,237.498
9/28/2015,237.498
9/29/2015,237.498
9/30/2015,237.498
10/1/2015,237.733
10/2/2015,237.733
10/5/2015,237.733
10/6/2015,237.733
10/7/2015,237.733
10/8/2015,237.733
10/9/2015,237.733
10/12/2015,237.733
10/13/2015,237.733
10/14/2015,237.733
10/15/2015,237.733
10/16/2015,237.733
10/19/2015,237.733
10/20/2015,237.733
10/21/2015,237.733
10/22/2015,237.733
10/23/2015,237.733
10/26/2015,237.733
10/27/2015,237.733
10/28/2015,237.733
10/29/2015,237.733
10/30/2015,237.733
11/2/2015,238.017
11/3/2015,238.017
11/4/2015,238.017
11/5/2015,238.017
11/6/2015,238.017
11/9/2015,238.017
11/10/2015,238.017
11/11/2015,238.017
11/12/2015,238.017
11/13/2015,238.017
11/16/2015,238.017
11/17/2015,238.017
11/18/2015,238.017
11/19/2015,238.017
11/20/2015,238.017
11/23/2015,238.017
11/24/2015,238.017
11/25/2015,238.017
11/27/2015,238.017
11/30/2015,238.017
12/1/2015,237.761
12/2/2015,237.761
12/3/2015,237.761
12/4/2015,237.761
12/7/2015,237.761
12/8/2015,237.761
12/9/2015,237.761
12/10/2015,237.761
12/11/2015,237.761
12/14/2015,237.761
12/15/2015,237.761
12/16/2015,237.761
12/17/2015,237.761
12/18/2015,237.761
12/21/2015,237.761
12/22/2015,237.761
12/23/2015,237.761
12/24/2015,237.761
12/28/2015,237.761
12/29/2015,237.761
12/30/2015,237.761
12/31/2015,237.761
1/4/2016,237.652
1/5/2016,237.652
1/6/2016,237.652
1/7/2016,237.652
1/8/2016,237.652
1/11/2016,237.652
1/12/2016,237.652
1/13/2016,237.652
1/14/2016,237.652
1/15/2016,237.652
1/19/2016,237.652
1/20/2016,237.652
1/21/2016,237.652
1/22/2016,237.652
1/25/2016,237.652
1/26/2016,237.652
1/27/2016,237.652
1/28/2016,237.652
1/29/2016,237.652
2/1/2016,237.336
2/2/2016,237.336
2/3/2016,237.336
2/4/2016,237.336
2/5/2016,237.336
2/8/2016,237.336
2/9/2016,237.336
2/10/2016,237.336
2/11/2016,237.336
2/12/2016,237.336
2/16/2016,237.336
2/17/2016,237.336
2/18/2016,237.336
2/19/2016,237.336
2/22/2016,237.336
2/23/2016,237.336
2/24/2016,237.336
2/25/2016,237.336
2/26/2016,237.336
2/29/2016,237.336
3/1/2016,238.08
3/2/2016,238.08
3/3/2016,238.08
3/4/2016,238.08
3/7/2016,238.08
3/8/2016,238.08
3/9/2016,238.08
3/10/2016,238.08
3/11/2016,238.08
3/14/2016,238.08
3/15/2016,238.08
3/16/2016,238.08
3/17/2016,238.08
3/18/2016,238.08
3/21/2016,238.08
3/22/2016,238.08
3/23/2016,238.08
3/24/2016,238.08
3/28/2016,238.08
3/29/2016,238.08
3/30/2016,238.08
3/31/2016,238.08
4/1/2016,238.992
4/4/2016,238.992
4/5/2016,238.992
4/6/2016,238.992
4/7/2016,238.992
4/8/2016,238.992
4/11/2016,238.992
4/12/2016,238.992
4/13/2016,238.992
4/14/2016,238.992
4/15/2016,238.992
4/18/2016,238.992
4/19/2016,238.992
4/20/2016,238.992
4/21/2016,238.992
4/22/2016,238.992
4/25/2016,238.992
4/26/2016,238.992
4/27/2016,238.992
4/28/2016,238.992
4/29/2016,238.992
5/2/2016,239.557
5/3/2016,239.557
5/4/2016,239.557
5/5/2016,239.557
5/6/2016,239.557
5/9/2016,239.557
5/10/2016,239.557
5/11/2016,239.557
5/12/2016,239.557
5/13/2016,239.557
5/16/2016,239.557
5/17/2016,239.557
5/18/2016,239.557
5/19/2016,239.557
5/20/2016,239.557
5/23/2016,239.557
5/24/2016,239.557
5/25/2016,239.557
5/26/2016,239.557
5/27/2016,239.557
5/31/2016,239.557
6/1/2016,240.222
6/2/2016,240.222
6/3/2016,240.222
6/6/2016,240.222
6/7/2016,240.222
6/8/2016,240.222
6/9/2016,240.222
6/10/2016,240.222
6/13/2016,240.222
6/14/2016,240.222
6/15/2016,240.222
6/16/2016,240.222
6/17/2016,240.222
6/20/2016,240.222
6/21/2016,240.222
6/22/2016,240.222
6/23/2016,240.222
6/24/2016,240.222
6/27/2016,240.222
6/28/2016,240.222
6/29/2016,240.222
6/30/2016,240.222
7/1/2016,240.101
7/5/2016,240.101
7/6/2016,240.101
7/7/2016,240.101
7/8/2016,240.101
7/11/2016,240.101
7/12/2016,240.101
7/13/2016,240.101
7/14/2016,240.101
7/15/2016,240.101
7/18/2016,240.101
7/19/2016,240.101
7/20/2016,240.101
7/21/2016,240.101
7/22/2016,240.101
7/25/2016,240.101
7/26/2016,240.101
7/27/2016,240.101
7/28/2016,240.101
7/29/2016,240.101
8/1/2016,240.545
8/2/2016,240.545
8/3/2016,240.545
8/4/2016,240.545
8/5/2016,240.545
8/8/2016,240.545
8/9/2016,240.545
8/10/2016,240.545
8/11/2016,240.545
8/12/2016,240.545
8/15/2016,240.545
8/16/2016,240.545
8/17/2016,240.545
8/18/2016,240.545
8/19/2016,240.545
8/22/2016,240.545
8/23/2016,240.545
8/24/2016,240.545
8/25/2016,240.545
8/26/2016,240.545
8/29/2016,240.545
8/30/2016,240.545
8/31/2016,240.545
9/1/2016,241.176
9/2/2016,241.176
9/6/2016,241.176
9/7/2016,241.176
9/8/2016,241.176
9/9/2016,241.176
9/12/2016,241.176
9/13/2016,241.176
9/14/2016,241.176
9/15/2016,241.176
9/16/2016,241.176
9/19/2016,241.176
9/20/2016,241.176
9/21/2016,241.176
9/22/2016,241.176
9/23/2016,241.176
9/26/2016,241.176
9/27/2016,241.176
9/28/2016,241.176
9/29/2016,241.176
9/30/2016,241.176
10/3/2016,241.741
10/4/2016,241.741
10/5/2016,241.741
10/6/2016,241.741
10/7/2016,241.741
10/11/2016,241.741
10/12/2016,241.741
10/13/2016,241.741
10/14/2016,241.741
10/17/2016,241.741
10/18/2016,241.741
10/19/2016,241.741
10/20/2016,241.741
10/21/2016,241.741
10/24/2016,241.741
10/25/2016,241.741
10/26/2016,241.741
10/27/2016,241.741
10/28/2016,241.741
10/31/2016,241.741
11/1/2016,242.026
11/2/2016,242.026
11/3/2016,242.026
11/4/2016,242.026
11/7/2016,242.026
11/8/2016,242.026
11/9/2016,242.026
11/10/2016,242.026
11/14/2016,242.026
11/15/2016,242.026
11/16/2016,242.026
11/17/2016,242.026
11/18/2016,242.026
11/21/2016,242.026
11/22/2016,242.026
11/23/2016,242.026
11/25/2016,242.026
11/28/2016,242.026
11/29/2016,242.026
11/30/2016,242.026
12/1/2016,242.637
12/2/2016,242.637
12/5/2016,242.637
12/6/2016,242.637
12/7/2016,242.637
12/8/2016,242.637
12/9/2016,242.637
12/12/2016,242.637
12/13/2016,242.637
12/14/2016,242.637
12/15/2016,242.637
12/16/2016,242.637
12/19/2016,242.637
12/20/2016,242.637
12/21/2016,242.637
12/22/2016,242.637
12/23/2016,242.637
12/27/2016,242.637
12/28/2016,242.637
12/29/2016,242.637
12/30/2016,242.637
1/3/2017,243.618
1/4/2017,243.618
1/5/2017,243.618
1/6/2017,243.618
1/9/2017,243.618
1/10/2017,243.618
1/11/2017,243.618
1/12/2017,243.618
1/13/2017,243.618
1/17/2017,243.618
1/18/2017,243.618
1/19/2017,243.618
1/20/2017,243.618
1/23/2017,243.618
1/24/2017,243.618
1/25/2017,243.618
1/26/2017,243.618
1/27/2017,243.618
1/30/2017,243.618
1/31/2017,243.618
2/1/2017,244.006
2/2/2017,244.006
2/3/2017,244.006
2/6/2017,244.006
2/7/2017,244.006
2/8/2017,244.006
2/9/2017,244.006
2/10/2017,244.006
2/13/2017,244.006
2/14/2017,244.006
2/15/2017,244.006
2/16/2017,244.006
2/17/2017,244.006
2/21/2017,244.006
2/22/2017,244.006
2/23/2017,244.006
2/24/2017,244.006
2/27/2017,244.006
2/28/2017,244.006
3/1/2017,243.892
3/2/2017,243.892
3/3/2017,243.892
3/6/2017,243.892
3/7/2017,243.892
3/8/2017,243.892
3/9/2017,243.892
3/10/2017,243.892
3/13/2017,243.892
3/14/2017,243.892
3/15/2017,243.892
3/16/2017,243.892
3/17/2017,243.892
3/20/2017,243.892
3/21/2017,243.892
3/22/2017,243.892
3/23/2017,243.892
3/24/2017,243.892
3/27/2017,243.892
3/28/2017,243.892
3/29/2017,243.892
3/30/2017,243.892
3/31/2017,243.892
4/3/2017,244.193
4/4/2017,244.193
4/5/2017,244.193
4/6/2017,244.193
4/7/2017,244.193
4/10/2017,244.193
4/11/2017,244.193
4/12/2017,244.193
4/13/2017,244.193
4/17/2017,244.193
4/18/2017,244.193
4/19/2017,244.193
4/20/2017,244.193
4/21/2017,244.193
4/24/2017,244.193
4/25/2017,244.193
4/26/2017,244.193
4/27/2017,244.193
4/28/2017,244.193
5/1/2017,244.004
5/2/2017,244.004
5/3/2017,244.004
5/4/2017,244.004
5/5/2017,244.004
5/8/2017,244.004
5/9/2017,244.004
5/10/2017,244.004
5/11/2017,244.004
5/12/2017,244.004
5/15/2017,244.004
5/16/2017,244.004
5/17/2017,244.004
5/18/2017,244.004
5/19/2017,244.004
5/22/2017,244.004
5/23/2017,244.004
5/24/2017,244.004
5/25/2017,244.004
5/26/2017,244.004
5/30/2017,244.004
5/31/2017,244.004
6/1/2017,244.163
6/2/2017,244.163
6/5/2017,244.163
6/6/2017,244.163
6/7/2017,244.163
6/8/2017,244.163
6/9/2017,244.163
6/12/2017,244.163
6/13/2017,244.163
6/14/2017,244.163
6/15/2017,244.163
6/16/2017,244.163
6/19/2017,244.163
6/20/2017,244.163
6/21/2017,244.163
6/22/2017,244.163
6/23/2017,244.163
6/26/2017,244.163
6/27/2017,244.163
6/28/2017,244.163
6/29/2017,244.163
6/30/2017,244.163
7/3/2017,244.243
7/5/2017,244.243
7/6/2017,244.243
7/7/2017,244.243
7/10/2017,244.243
7/11/2017,244.243
7/12/2017,244.243
7/13/2017,244.243
7/14/2017,244.243
7/17/2017,244.243
7/18/2017,244.243
7/19/2017,244.243
7/20/2017,244.243
7/21/2017,244.243
7/24/2017,244.243
7/25/2017,244.243
7/26/2017,244.243
7/27/2017,244.243
7/28/2017,244.243
7/31/2017,244.243
8/1/2017,245.183
8/2/2017,245.183
8/3/2017,245.183
8/4/2017,245.183
8/7/2017,245.183
8/8/2017,245.183
8/9/2017,245.183
8/10/2017,245.183
8/11/2017,245.183
8/14/2017,245.183
8/15/2017,245.183
8/16/2017,245.183
8/17/2017,245.183
8/18/2017,245.183
8/21/2017,245.183
8/22/2017,245.183
8/23/2017,245.183
8/24/2017,245.183
8/25/2017,245.183
8/28/2017,245.183
8/29/2017,245.183
8/30/2017,245.183
8/31/2017,245.183
9/1/2017,246.435
9/5/2017,246.435
9/6/2017,246.435
9/7/2017,246.435
9/8/2017,246.435
9/11/2017,246.435
9/12/2017,246.435
9/13/2017,246.435
9/14/2017,246.435
9/15/2017,246.435
9/18/2017,246.435
9/19/2017,246.435
9/20/2017,246.435
9/21/2017,246.435
9/22/2017,246.435
9/25/2017,246.435
9/26/2017,246.435
9/27/2017,246.435
9/28/2017,246.435
9/29/2017,246.435
10/2/2017,246.626
10/3/2017,246.626
10/4/2017,246.626
10/5/2017,246.626
10/6/2017,246.626
10/9/2017,246.626
10/10/2017,246.626
10/11/2017,246.626
10/12/2017,246.626
10/13/2017,246.626
10/16/2017,246.626
10/17/2017,246.626
10/18/2017,246.626
10/19/2017,246.626
10/20/2017,246.626
10/23/2017,246.626
10/24/2017,246.626
10/25/2017,246.626
10/26/2017,246.626
10/27/2017,246.626
10/30/2017,246.626
10/31/2017,246.626
11/1/2017,247.284
11/2/2017,247.284
11/3/2017,247.284
11/6/2017,247.284
11/7/2017,247.284
11/8/2017,247.284
11/9/2017,247.284
11/10/2017,247.284
11/13/2017,247.284
11/14/2017,247.284
11/15/2017,247.284
11/16/2017,247.284
11/17/2017,247.284
11/20/2017,247.284
11/21/2017,247.284
11/22/2017,247.284
11/24/2017,247.284
11/27/2017,247.284
11/28/2017,247.284
11/29/2017,247.284
11/30/2017,247.284
12/1/2017,247.805
12/4/2017,247.805
12/5/2017,247.805
12/6/2017,247.805
12/7/2017,247.805
12/8/2017,247.805
12/11/2017,247.805
12/12/2017,247.805
12/13/2017,247.805
12/14/2017,247.805
12/15/2017,247.805
12/18/2017,247.805
12/19/2017,247.805
12/20/2017,247.805
12/21/2017,247.805
12/22/2017,247.805
12/26/2017,247.805
12/27/2017,247.805
12/28/2017,247.805
12/29/2017,247.805
1/2/2018,248.743
1/3/2018,248.743
1/4/2018,248.743
1/5/2018,248.743
1/8/2018,248.743
1/9/2018,248.743
1/10/2018,248.743
1/11/2018,248.743
1/12/2018,248.743
1/16/2018,248.743
1/17/2018,248.743
1/18/2018,248.743
1/19/2018,248.743
1/22/2018,248.743
1/23/2018,248.743
1/24/2018,248.743
1/25/2018,248.743
1/26/2018,248.743
1/30/2018,248.743
1/31/2018,248.743
2/1/2018,249.439
2/2/2018,249.439
2/5/2018,249.439
2/6/2018,249.439
2/7/2018,249.439
2/8/2018,249.439
2/9/2018,249.439
2/12/2018,249.439
2/13/2018,249.439
2/14/2018,249.439
2/15/2018,249.439
2/16/2018,249.439
2/20/2018,249.439
2/21/2018,249.439
2/22/2018,249.439
2/23/2018,249.439
2/26/2018,249.439
2/27/2018,249.439
2/28/2018,249.439
3/1/2018,249.581
3/2/2018,249.581
3/5/2018,249.581
3/6/2018,249.581
3/7/2018,249.581
3/8/2018,249.581
3/9/2018,249.581
3/12/2018,249.581
3/13/2018,249.581
3/14/2018,249.581
3/15/2018,249.581
3/16/2018,249.581
3/19/2018,249.581
3/20/2018,249.581
3/21/2018,249.581
3/22/2018,249.581
3/23/2018,249.581
3/26/2018,249.581
3/27/2018,249.581
3/28/2018,249.581
3/29/2018,249.581
4/2/2018,250.146
4/3/2018,250.146
4/4/2018,250.146
4/5/2018,250.146
4/6/2018,250.146
4/9/2018,250.146
4/10/2018,250.146
4/11/2018,250.146
4/12/2018,250.146
4/13/2018,250.146
4/16/2018,250.146
4/17/2018,250.146
4/18/2018,250.146
4/19/2018,250.146
4/20/2018,250.146
4/23/2018,250.146
4/24/2018,250.146
4/25/2018,250.146
4/26/2018,250.146
4/27/2018,250.146
4/30/2018,250.146
5/1/2018,250.779
5/2/2018,250.779
5/3/2018,250.779
5/4/2018,250.779
5/7/2018,250.779
5/8/2018,250.779
5/9/2018,250.779
5/10/2018,250.779
5/11/2018,250.779
5/14/2018,250.779
5/15/2018,250.779
5/16/2018,250.779
5/17/2018,250.779
5/18/2018,250.779
5/21/2018,250.779
5/22/2018,250.779
5/23/2018,250.779
5/24/2018,250.779
5/25/2018,250.779
5/29/2018,250.779
5/30/2018,250.779
5/31/2018,250.779
6/1/2018,251.118
6/4/2018,251.118
6/5/2018,251.118
6/6/2018,251.118
6/7/2018,251.118
6/8/2018,251.118
6/11/2018,251.118
6/12/2018,251.118
6/13/2018,251.118
6/14/2018,251.118
6/15/2018,251.118
6/18/2018,251.118
6/19/2018,251.118
6/20/2018,251.118
6/21/2018,251.118
6/22/2018,251.118
6/25/2018,251.118
6/26/2018,251.118
6/27/2018,251.118
6/28/2018,251.118
6/29/2018,251.118
7/2/2018,251.323
7/3/2018,251.323
7/5/2018,251.323
7/6/2018,251.323
7/9/2018,251.323
7/10/2018,251.323
7/11/2018,251.323
7/12/2018,251.323
7/13/2018,251.323
7/16/2018,251.323
7/17/2018,251.323
7/18/2018,251.323
7/19/2018,251.323
7/20/2018,251.323
7/23/2018,251.323
7/24/2018,251.323
7/25/2018,251.323
7/26/2018,251.323
7/27/2018,251.323
7/30/2018,251.323
7/31/2018,251.323
8/1/2018,251.749
8/2/2018,251.749
8/3/2018,251.749
8/6/2018,251.749
8/7/2018,251.749
8/8/2018,251.749
8/9/2018,251.749
8/10/2018,251.749
8/13/2018,251.749
8/14/2018,251.749
8/15/2018,251.749
8/16/2018,251.749
8/17/2018,251.749
8/20/2018,251.749
8/21/2018,251.749
8/22/2018,251.749
8/23/2018,251.749
8/24/2018,251.749
8/27/2018,251.749
8/28/2018,251.749
8/29/2018,251.749
8/30/2018,251.749
8/31/2018,251.749
9/4/2018,252.239
9/5/2018,252.239
9/6/2018,252.239
9/7/2018,252.239
9/10/2018,252.239
9/11/2018,252.239
9/12/2018,252.239
9/13/2018,252.239
9/14/2018,252.239
9/17/2018,252.239
9/18/2018,252.239
9/19/2018,252.239
9/20/2018,252.239
9/21/2018,252.239
9/24/2018,252.239
9/25/2018,252.239
9/26/2018,252.239
9/27/2018,252.239
9/28/2018,252.239
10/1/2018,252.862
10/2/2018,252.862
10/3/2018,252.862
10/4/2018,252.862
10/5/2018,252.862
10/8/2018,252.862
10/9/2018,252.862
10/10/2018,252.862
10/11/2018,252.862
10/12/2018,252.862
10/15/2018,252.862
10/16/2018,252.862
10/17/2018,252.862
10/18/2018,252.862
10/19/2018,252.862
10/22/2018,252.862
10/23/2018,252.862
10/24/2018,252.862
10/25/2018,252.862
10/26/2018,252.862
10/29/2018,252.862
10/30/2018,252.862
10/31/2018,252.862
11/1/2018,252.657
11/2/2018,252.657
11/5/2018,252.657
11/6/2018,252.657
11/7/2018,252.657
11/8/2018,252.657
11/9/2018,252.657
11/12/2018,252.657
11/13/2018,252.657
11/14/2018,252.657
11/15/2018,252.657
11/16/2018,252.657
11/19/2018,252.657
11/20/2018,252.657
11/21/2018,252.657
11/23/2018,252.657
11/26/2018,252.657
11/27/2018,252.657
11/28/2018,252.657
11/29/2018,252.657
11/30/2018,252.657
12/3/2018,252.551
12/4/2018,252.551
12/6/2018,252.551
12/7/2018,252.551
12/10/2018,252.551
12/11/2018,252.551
12/12/2018,252.551
12/13/2018,252.551
12/14/2018,252.551
12/17/2018,252.551
12/18/2018,252.551
12/19/2018,252.551
12/20/2018,252.551
12/21/2018,252.551
12/24/2018,252.551
12/26/2018,252.551
12/27/2018,252.551
12/28/2018,252.551
12/31/2018,252.551
1/2/2019,252.47
1/3/2019,252.47
1/4/2019,252.47
1/7/2019,252.47
1/8/2019,252.47
1/9/2019,252.47
1/10/2019,252.47
1/11/2019,252.47
1/14/2019,252.47
1/15/2019,252.47
1/16/2019,252.47
1/17/2019,252.47
1/18/2019,252.47
1/22/2019,252.47
1/23/2019,252.47
1/24/2019,252.47
1/25/2019,252.47
1/28/2019,252.47
1/29/2019,252.47
1/30/2019,252.47
1/31/2019,252.47
2/1/2019,253.135
2/4/2019,253.135
2/5/2019,253.135
2/6/2019,253.135
2/7/2019,253.135
2/8/2019,253.135
2/11/2019,253.135
2/12/2019,253.135
2/13/2019,253.135
2/14/2019,253.135
2/15/2019,253.135
2/19/2019,253.135
2/20/2019,253.135
2/21/2019,253.135
2/22/2019,253.135
2/25/2019,253.135
2/26/2019,253.135
2/27/2019,253.135
2/28/2019,253.135
3/1/2019,254.273
3/4/2019,254.273
3/5/2019,254.273
3/6/2019,254.273
3/7/2019,254.273
3/8/2019,254.273
3/11/2019,254.273
3/12/2019,254.273
3/13/2019,254.273
3/14/2019,254.273
3/15/2019,254.273
3/18/2019,254.273
3/19/2019,254.273
3/20/2019,254.273
3/21/2019,254.273
3/22/2019,254.273
3/25/2019,254.273
3/26/2019,254.273
3/27/2019,254.273
3/28/2019,254.273
3/29/2019,254.273
4/1/2019,255.163
4/2/2019,255.163
4/3/2019,255.163
4/4/2019,255.163
4/5/2019,255.163
4/8/2019,255.163
4/9/2019,255.163
4/10/2019,255.163
4/11/2019,255.163
4/12/2019,255.163
4/15/2019,255.163
4/16/2019,255.163
4/17/2019,255.163
4/18/2019,255.163
4/22/2019,255.163
4/23/2019,255.163
4/24/2019,255.163
4/25/2019,255.163
4/26/2019,255.163
4/29/2019,255.163
4/30/2019,255.163
5/1/2019,255.325
5/2/2019,255.325
5/3/2019,255.325
5/6/2019,255.325
5/7/2019,255.325
5/8/2019,255.325
5/9/2019,255.325
5/10/2019,255.325
5/13/2019,255.325
5/14/2019,255.325
5/15/2019,255.325
5/16/2019,255.325
5/17/2019,255.325
5/20/2019,255.325
5/21/2019,255.325
5/22/2019,255.325
5/23/2019,255.325
5/24/2019,255.325
5/28/2019,255.325
5/29/2019,255.325
5/30/2019,255.325
5/31/2019,255.325
6/3/2019,255.361
6/4/2019,255.361
6/5/2019,255.361
6/6/2019,255.361
6/7/2019,255.361
6/10/2019,255.361
6/11/2019,255.361
6/12/2019,255.361
6/13/2019,255.361
6/14/2019,255.361
6/17/2019,255.361
6/18/2019,255.361
6/19/2019,255.361
6/20/2019,255.361
6/21/2019,255.361
6/24/2019,255.361
6/25/2019,255.361
6/26/2019,255.361
6/27/2019,255.361
6/28/2019,255.361
7/1/2019,255.9
7/2/2019,255.9
7/3/2019,255.9
7/5/2019,255.9
7/8/2019,255.9
7/9/2019,255.9
7/10/2019,255.9
7/11/2019,255.9
7/12/2019,255.9
7/15/2019,255.9
7/16/2019,255.9
7/17/2019,255.9
7/18/2019,255.9
7/19/2019,255.9
7/22/2019,255.9
7/23/2019,255.9
7/24/2019,255.9
7/25/2019,255.9
7/26/2019,255.9
7/29/2019,255.9
7/30/2019,255.9
7/31/2019,255.9
8/1/2019,256.179
8/2/2019,256.179
8/5/2019,256.179
8/6/2019,256.179
8/7/2019,256.179
8/8/2019,256.179
8/9/2019,256.179
8/12/2019,256.179
8/13/2019,256.179
8/14/2019,256.179
8/15/2019,256.179
8/16/2019,256.179
8/19/2019,256.179
8/20/2019,256.179
8/21/2019,256.179
8/22/2019,256.179
8/23/2019,256.179
8/26/2019,256.179
8/27/2019,256.179
8/28/2019,256.179
8/29/2019,256.179
8/30/2019,256.179
9/3/2019,256.596
9/4/2019,256.596
9/5/2019,256.596
9/6/2019,256.596
9/9/2019,256.596
9/10/2019,256.596
9/11/2019,256.596
9/12/2019,256.596
9/13/2019,256.596
9/16/2019,256.596
9/17/2019,256.596
9/18/2019,256.596
9/19/2019,256.596
9/20/2019,256.596
9/23/2019,256.596
9/24/2019,256.596
9/25/2019,256.596
9/26/2019,256.596
9/27/2019,256.596
9/30/2019,256.596
10/1/2019,257.305
10/2/2019,257.305
10/3/2019,257.305
10/4/2019,257.305
10/7/2019,257.305
10/8/2019,257.305
10/9/2019,257.305
10/10/2019,257.305
10/11/2019,257.305
10/14/2019,257.305
10/15/2019,257.305
10/16/2019,257.305
10/17/2019,257.305
10/18/2019,257.305
10/21/2019,257.305
10/22/2019,257.305
10/23/2019,257.305
10/24/2019,257.305
10/25/2019,257.305
10/28/2019,257.305
10/29/2019,257.305
10/30/2019,257.305
10/31/2019,257.305
11/1/2019,257.788
11/4/2019,257.788
11/5/2019,257.788
11/6/2019,257.788
11/7/2019,257.788
11/8/2019,257.788
11/11/2019,257.788
11/12/2019,257.788
11/13/2019,257.788
11/14/2019,257.788
11/15/2019,257.788
11/18/2019,257.788
11/19/2019,257.788
11/20/2019,257.788
11/21/2019,257.788
11/22/2019,257.788
11/25/2019,257.788
11/26/2019,257.788
11/27/2019,257.788
11/29/2019,257.788
12/2/2019,258.263
12/3/2019,258.263
12/4/2019,258.263
12/5/2019,258.263
12/6/2019,258.263
12/9/2019,258.263
12/10/2019,258.263
12/11/2019,258.263
12/12/2019,258.263
12/13/2019,258.263
12/16/2019,258.263
12/17/2019,258.263
12/18/2019,258.263
12/19/2019,258.263
12/20/2019,258.263
12/23/2019,258.263
12/24/2019,258.263
12/26/2019,258.263
12/27/2019,258.263
12/30/2019,258.263
12/31/2019,258.263
1/2/2020,258.682
1/3/2020,258.682
1/6/2020,258.682
1/7/2020,258.682
1/8/2020,258.682
1/9/2020,258.682
1/10/2020,258.682
1/13/2020,258.682
1/14/2020,258.682
1/15/2020,258.682
1/16/2020,258.682
1/17/2020,258.682
1/21/2020,258.682
1/22/2020,258.682
1/23/2020,258.682
1/24/2020,258.682
1/27/2020,258.682
1/28/2020,258.682
1/29/2020,258.682
1/30/2020,258.682
1/31/2020,258.682
2/3/2020,259.007
2/4/2020,259.007
2/5/2020,259.007
2/6/2020,259.007
2/7/2020,259.007
2/10/2020,259.007
2/11/2020,259.007
2/12/2020,259.007
2/13/2020,259.007
2/14/2020,259.007
2/18/2020,259.007
2/19/2020,259.007
2/20/2020,259.007
2/21/2020,259.007
2/24/2020,259.007
2/25/2020,259.007
2/26/2020,259.007
2/27/2020,259.007
2/28/2020,259.007
3/2/2020,258.165
3/3/2020,258.165
3/4/2020,258.165
3/5/2020,258.165
3/6/2020,258.165
3/9/2020,258.165
3/10/2020,258.165
3/11/2020,258.165
3/12/2020,258.165
3/13/2020,258.165
3/16/2020,258.165
3/17/2020,258.165
3/18/2020,258.165
3/19/2020,258.165
3/20/2020,258.165
3/23/2020,258.165
3/24/2020,258.165
3/25/2020,258.165
3/26/2020,258.165
3/27/2020,258.165
3/30/2020,258.165
3/31/2020,258.165
4/1/2020,256.094
4/2/2020,256.094
4/3/2020,256.094
4/6/2020,256.094
4/7/2020,256.094
4/8/2020,256.094
4/9/2020,256.094
4/13/2020,256.094
4/14/2020,256.094
4/15/2020,256.094
4/16/2020,256.094
4/17/2020,256.094
4/20/2020,256.094
4/21/2020,256.094
4/22/2020,256.094
4/23/2020,256.094
4/24/2020,256.094
4/27/2020,256.094
4/28/2020,256.094
4/29/2020,256.094
4/30/2020,256.094
5/1/2020,255.944
5/4/2020,255.944
5/5/2020,255.944
5/6/2020,255.944
5/7/2020,255.944
5/8/2020,255.944
5/11/2020,255.944
5/12/2020,255.944
5/13/2020,255.944
5/14/2020,255.944
5/15/2020,255.944
5/18/2020,255.944
5/19/2020,255.944
5/20/2020,255.944
5/21/2020,255.944
5/22/2020,255.944
5/26/2020,255.944
5/27/2020,255.944
5/28/2020,255.944
5/29/2020,255.944
6/1/2020,257.217
6/2/2020,257.217
6/3/2020,257.217
6/4/2020,257.217
6/5/2020,257.217
6/8/2020,257.217
6/9/2020,257.217
6/10/2020,257.217
6/11/2020,257.217
6/12/2020,257.217
6/15/2020,257.217
6/16/2020,257.217
6/17/2020,257.217
6/18/2020,257.217
6/19/2020,257.217
6/22/2020,257.217
6/23/2020,257.217
6/24/2020,257.217
6/25/2020,257.217
6/26/2020,257.217
6/29/2020,257.217
6/30/2020,257.217
7/1/2020,258.543
7/2/2020,258.543
7/6/2020,258.543
7/7/2020,258.543
7/8/2020,258.543
7/9/2020,258.543
7/10/2020,258.543
7/13/2020,258.543
7/14/2020,258.543
7/15/2020,258.543
7/16/2020,258.543
7/17/2020,258.543
7/20/2020,258.543
7/21/2020,258.543
7/22/2020,258.543
7/23/2020,258.543
7/24/2020,258.543
7/27/2020,258.543
7/28/2020,258.543
7/29/2020,258.543
7/30/2020,258.543
7/31/2020,258.543
8/3/2020,259.58
8/4/2020,259.58
8/5/2020,259.58
8/6/2020,259.58
8/7/2020,259.58
8/10/2020,259.58
8/11/2020,259.58
8/12/2020,259.58
8/13/2020,259.58
8/14/2020,259.58
8/17/2020,259.58
8/18/2020,259.58
8/19/2020,259.58
8/20/2020,259.58
8/21/2020,259.58
8/24/2020,259.58
8/25/2020,259.58
8/26/2020,259.58
8/27/2020,259.58
8/28/2020,259.58
8/31/2020,259.58
9/1/2020,260.19
9/2/2020,260.19
9/3/2020,260.19
9/4/2020,260.19
9/8/2020,260.19
9/9/2020,260.19
9/10/2020,260.19
9/11/2020,260.19
9/14/2020,260.19
9/15/2020,260.19
9/16/2020,260.19
9/17/2020,260.19
9/18/2020,260.19
9/21/2020,260.19
9/22/2020,260.19
9/23/2020,260.19
9/24/2020,260.19
9/25/2020,260.19
9/28/2020,260.19
9/29/2020,260.19
9/30/2020,260.19
10/1/2020,260.352
10/2/2020,260.352
10/5/2020,260.352
10/6/2020,260.352
10/7/2020,260.352
10/8/2020,260.352
10/9/2020,260.352
10/12/2020,260.352
10/13/2020,260.352
10/14/2020,260.352
10/15/2020,260.352
10/16/2020,260.352
10/19/2020,260.352
10/20/2020,260.352
10/21/2020,260.352
10/22/2020,260.352
10/23/2020,260.352
10/26/2020,260.352
10/27/2020,260.352
10/28/2020,260.352
10/29/2020,260.352
10/30/2020,260.352
11/2/2020,260.721
11/3/2020,260.721
11/4/2020,260.721
11/5/2020,260.721
11/6/2020,260.721
11/9/2020,260.721
11/10/2020,260.721
11/11/2020,260.721
11/12/2020,260.721
11/13/2020,260.721
11/16/2020,260.721
11/17/2020,260.721
11/18/2020,260.721
11/19/2020,260.721
11/20/2020,260.721
11/23/2020,260.721
11/24/2020,260.721
11/25/2020,260.721
11/27/2020,260.721
11/30/2020,260.721
12/1/2020,261.564
12/2/2020,261.564
12/3/2020,261.564
12/4/2020,261.564
12/7/2020,261.564
12/8/2020,261.564
12/9/2020,261.564
12/10/2020,261.564
12/11/2020,261.564
12/14/2020,261.564
12/15/2020,261.564
12/16/2020,261.564
12/17/2020,261.564
12/18/2020,261.564
12/21/2020,261.564
12/22/2020,261.564
12/23/2020,261.564
12/24/2020,261.564
12/28/2020,261.564
12/29/2020,261.564
12/30/2020,261.564
12/31/2020,261.564
1/4/2021,262.2
1/5/2021,262.2
1/6/2021,262.2
1/7/2021,262.2
1/8/2021,262.2
1/11/2021,262.2
1/12/2021,262.2
1/13/2021,262.2
1/14/2021,262.2
1/15/2021,262.2
1/19/2021,262.2
1/20/2021,262.2
1/21/2021,262.2
1/22/2021,262.2
1/25/2021,262.2
1/26/2021,262.2
1/27/2021,262.2
1/28/2021,262.2
1/29/2021,262.2
2/1/2021,263.346
2/2/2021,263.346
2/3/2021,263.346
2/4/2021,263.346
2/5/2021,263.346
2/8/2021,263.346
2/9/2021,263.346
2/10/2021,263.346
2/11/2021,263.346
2/12/2021,263.346
2/16/2021,263.346
2/17/2021,263.346
2/18/2021,263.346
2/19/2021,263.346
2/22/2021,263.346
2/23/2021,263.346
2/24/2021,263.346
2/25/2021,263.346
2/26/2021,263.346
3/1/2021,265.028
3/2/2021,265.028
3/3/2021,265.028
3/4/2021,265.028
3/5/2021,265.028
3/8/2021,265.028
3/9/2021,265.028
3/10/2021,265.028
3/11/2021,265.028
3/12/2021,265.028
3/15/2021,265.028
3/16/2021,265.028
3/17/2021,265.028
3/18/2021,265.028
3/19/2021,265.028
3/22/2021,265.028
3/23/2021,265.028
3/24/2021,265.028
3/25/2021,265.028
3/26/2021,265.028
3/29/2021,265.028
3/30/2021,265.028
3/31/2021,265.028
4/1/2021,266.727
4/5/2021,266.727
4/6/2021,266.727
4/7/2021,266.727
4/8/2021,266.727
4/9/2021,266.727
4/12/2021,266.727
4/13/2021,266.727
4/14/2021,266.727
4/15/2021,266.727
4/16/2021,266.727
4/19/2021,266.727
4/20/2021,266.727
4/21/2021,266.727
4/22/2021,266.727
4/23/2021,266.727
4/26/2021,266.727
4/27/2021,266.727
4/28/2021,266.727
4/29/2021,266.727
4/30/2021,266.727
5/3/2021,268.599
5/4/2021,268.599
5/5/2021,268.599
5/6/2021,268.599
5/7/2021,268.599
5/10/2021,268.599
5/11/2021,268.599
5/12/2021,268.599
5/13/2021,268.599
5/14/2021,268.599
5/17/2021,268.599
5/18/2021,268.599
5/19/2021,268.599
5/20/2021,268.599
5/21/2021,268.599
5/24/2021,268.599
5/25/2021,268.599
5/26/2021,268.599
5/27/2021,268.599
5/28/2021,268.599
6/1/2021,270.955
6/2/2021,270.955
6/3/2021,270.955
6/4/2021,270.955
6/7/2021,270.955
6/8/2021,270.955
6/9/2021,270.955
6/10/2021,270.955
6/11/2021,270.955
6/14/2021,270.955
6/15/2021,270.955
6/16/2021,270.955
6/17/2021,270.955
6/18/2021,270.955
6/21/2021,270.955
6/22/2021,270.955
6/23/2021,270.955
6/24/2021,270.955
6/25/2021,270.955
6/28/2021,270.955
6/29/2021,270.955
6/30/2021,270.955
7/1/2021,272.184
7/2/2021,272.184
7/6/2021,272.184
7/7/2021,272.184
7/8/2021,272.184
7/9/2021,272.184
7/12/2021,272.184
7/13/2021,272.184
7/14/2021,272.184
7/15/2021,272.184
7/16/2021,272.184
7/19/2021,272.184
7/20/2021,272.184
7/21/2021,272.184
7/22/2021,272.184
7/23/2021,272.184
7/26/2021,272.184
7/27/2021,272.184
7/28/2021,272.184
7/29/2021,272.184
7/30/2021,272.184
8/2/2021,273.092
8/3/2021,273.092
8/4/2021,273.092
8/5/2021,273.092
8/6/2021,273.092
8/9/2021,273.092
8/10/2021,273.092
8/11/2021,273.092
8/12/2021,273.092
8/13/2021,273.092
8/16/2021,273.092
8/17/2021,273.092
8/18/2021,273.092
8/19/2021,273.092
8/20/2021,273.092
8/23/2021,273.092
8/24/2021,273.092
8/25/2021,273.092
8/26/2021,273.092
8/27/2021,273.092
8/30/2021,273.092
8/31/2021,273.092
9/1/2021,274.214
9/2/2021,274.214
9/3/2021,274.214
9/7/2021,274.214
9/8/2021,274.214
9/9/2021,274.214
9/10/2021,274.214
9/13/2021,274.214
9/14/2021,274.214
9/15/2021,274.214
9/16/2021,274.214
9/17/2021,274.214
9/20/2021,274.214
9/21/2021,274.214
9/22/2021,274.214
9/23/2021,274.214
9/24/2021,274.214
9/27/2021,274.214
9/28/2021,274.214
9/29/2021,274.214
9/30/2021,274.214
10/1/2021,276.59
10/4/2021,276.59
10/5/2021,276.59
10/6/2021,276.59
10/7/2021,276.59
10/8/2021,276.59
10/11/2021,276.59
10/12/2021,276.59
10/13/2021,276.59
10/14/2021,276.59
10/15/2021,276.59
10/18/2021,276.59
10/19/2021,276.59
10/20/2021,276.59
10/21/2021,276.59
10/22/2021,276.59
10/25/2021,276.59
10/26/2021,276.59
10/27/2021,276.59
10/28/2021,276.59
10/29/2021,276.59
11/1/2021,278.524
11/2/2021,278.524
11/3/2021,278.524
11/4/2021,278.524
11/5/2021,278.524
11/8/2021,278.524
11/9/2021,278.524
11/10/2021,278.524
11/11/2021,278.524
11/12/2021,278.524
11/15/2021,278.524
11/16/2021,278.524
11/17/2021,278.524
11/18/2021,278.524
11/19/2021,278.524
11/22/2021,278.524
11/23/2021,278.524
11/24/2021,278.524
11/26/2021,278.524
11/29/2021,278.524
11/30/2021,278.524
12/1/2021,280.126
12/2/2021,280.126
12/3/2021,280.126
12/6/2021,280.126
12/7/2021,280.126
12/8/2021,280.126
12/9/2021,280.126
12/10/2021,280.126
12/13/2021,280.126
12/14/2021,280.126
12/15/2021,280.126
12/16/2021,280.126
12/17/2021,280.126
12/20/2021,280.126
12/21/2021,280.126
12/22/2021,280.126
12/23/2021,280.126
12/27/2021,280.126
12/28/2021,280.126
12/29/2021,280.126
12/30/2021,280.126
12/31/2021,280.126
1/3/2022,281.933
1/4/2022,281.933
1/5/2022,281.933
1/6/2022,281.933
1/7/2022,281.933
1/10/2022,281.933
1/11/2022,281.933
1/12/2022,281.933
1/13/2022,281.933
1/14/2022,281.933
1/18/2022,281.933
1/19/2022,281.933
1/20/2022,281.933
1/21/2022,281.933
1/24/2022,281.933
1/25/2022,281.933
1/26/2022,281.933
1/27/2022,281.933
1/28/2022,281.933
1/31/2022,281.933
2/1/2022,284.182
2/2/2022,284.182
2/3/2022,284.182
2/4/2022,284.182
2/7/2022,284.182
2/8/2022,284.182
2/9/2022,284.182
2/10/2022,284.182
2/11/2022,284.182
2/14/2022,284.182
2/15/2022,284.182
2/16/2022,284.182
2/17/2022,284.182
2/18/2022,284.182
2/22/2022,284.182
2/23/2022,284.182
2/24/2022,284.182
2/25/2022,284.182
2/28/2022,284.182
3/1/2022,287.708
3/2/2022,287.708
3/3/2022,287.708
3/4/2022,287.708
3/7/2022,287.708
3/8/2022,287.708
3/9/2022,287.708
3/10/2022,287.708
3/11/2022,287.708
3/14/2022,287.708
3/15/2022,287.708
3/16/2022,287.708
3/17/2022,287.708
3/18/2022,287.708
3/21/2022,287.708
3/22/2022,287.708
3/23/2022,287.708
3/24/2022,287.708
3/25/2022,287.708
3/28/2022,287.708
3/29/2022,287.708
3/30/2022,287.708
3/31/2022,287.708
4/1/2022,287.708
4/4/2022,287.708
4/5/2022,287.708
4/6/2022,287.708
4/7/2022,287.708
4/8/2022,287.708
4/11/2022,287.708
4/12/2022,287.708
4/13/2022,287.708
4/14/2022,287.708
4/18/2022,287.708
4/19/2022,287.708
4/20/2022,287.708
4/21/2022,287.708
4/22/2022,287.708
4/25/2022,287.708
4/26/2022,287.708
4/27/2022,287.708
4/28/2022,287.708
4/29/2022,287.708
5/2/2022,287.708
5/3/2022,287.708
5/4/2022,287.708
5/5/2022,287.708
