Date,Int_rate
9/17/2014,2.599999905
9/18/2014,2.628999949
9/19/2014,2.586999893
9/22/2014,2.565999985
9/23/2014,2.535000086
9/24/2014,2.569000006
9/25/2014,2.510999918
9/26/2014,2.535000086
9/29/2014,2.490999937
9/30/2014,2.507999897
10/1/2014,2.403000116
10/2/2014,2.437999964
10/3/2014,2.447000027
10/6/2014,2.424999952
10/7/2014,2.349999905
10/8/2014,2.329999924
10/9/2014,2.326999903
10/10/2014,2.306999922
10/13/2014,2.286000013
10/14/2014,2.20600009
10/15/2014,2.089999914
10/16/2014,2.153000116
10/17/2014,2.198999882
10/20/2014,2.180999994
10/21/2014,2.207999945
10/22/2014,2.229000092
10/23/2014,2.275000095
10/24/2014,2.273000002
10/27/2014,2.256999969
10/28/2014,2.28399992
10/29/2014,2.322999954
10/30/2014,2.305000067
10/31/2014,2.335000038
11/3/2014,2.34800005
11/4/2014,2.342000008
11/5/2014,2.349999905
11/6/2014,2.375
11/7/2014,2.312000036
11/10/2014,2.358999968
11/11/2014,2.359999895
11/12/2014,2.358999968
11/13/2014,2.346999884
11/14/2014,2.319999933
11/17/2014,2.339999914
11/18/2014,2.322000027
11/19/2014,2.351000071
11/20/2014,2.335000038
11/21/2014,2.315000057
11/24/2014,2.309999943
11/25/2014,2.25999999
11/26/2014,2.233999968
11/28/2014,2.194000006
12/1/2014,2.217999935
12/2/2014,2.285000086
12/3/2014,2.286999941
12/4/2014,2.256999969
12/5/2014,2.306999922
12/8/2014,2.256999969
12/9/2014,2.220000029
12/10/2014,2.16899991
12/11/2014,2.177999973
12/12/2014,2.102999926
12/15/2014,2.115999937
12/16/2014,2.071000099
12/17/2014,2.148000002
12/18/2014,2.203999996
12/19/2014,2.176000118
12/22/2014,2.161999941
12/23/2014,2.256999969
12/24/2014,2.263999939
12/26/2014,2.25
12/29/2014,2.207000017
12/30/2014,2.190000057
12/31/2014,2.170000076
1/2/2015,2.122999907
1/5/2015,2.039000034
1/6/2015,1.963000059
1/7/2015,1.953999996
1/8/2015,2.016000032
1/9/2015,1.970999956
1/12/2015,1.911999941
1/13/2015,1.889999986
1/14/2015,1.837000012
1/15/2015,1.774999976
1/16/2015,1.815000057
1/20/2015,1.807000041
1/21/2015,1.853000045
1/22/2015,1.896000028
1/23/2015,1.817000031
1/26/2015,1.827999949
1/27/2015,1.825000048
1/28/2015,1.723999977
1/29/2015,1.751000047
1/30/2015,1.674999952
2/2/2015,1.672999978
2/3/2015,1.779999971
2/4/2015,1.797000051
2/5/2015,1.815000057
2/6/2015,1.937999964
2/9/2015,1.947999954
2/10/2015,1.991000056
2/11/2015,1.988000035
2/12/2015,1.985999942
2/13/2015,2.020999908
2/17/2015,2.144999981
2/18/2015,2.065999985
2/19/2015,2.112999916
2/20/2015,2.132999897
2/23/2015,2.059000015
2/24/2015,1.988000035
2/25/2015,1.968999982
2/26/2015,2.016000032
2/27/2015,2.002000093
3/2/2015,2.084000111
3/3/2015,2.121999979
3/4/2015,2.122999907
3/5/2015,2.111999989
3/6/2015,2.24000001
3/9/2015,2.194999933
3/10/2015,2.125999928
3/11/2015,2.108999968
3/12/2015,2.095999956
3/13/2015,2.111999989
3/16/2015,2.09800005
3/17/2015,2.058000088
3/18/2015,1.950999975
3/19/2015,1.976999998
3/20/2015,1.929999948
3/23/2015,1.914999962
3/24/2015,1.878000021
3/25/2015,1.919999957
3/26/2015,2.006999969
3/27/2015,1.947999954
3/30/2015,1.963000059
3/31/2015,1.934000015
4/1/2015,1.868000031
4/2/2015,1.904000044
4/6/2015,1.904000044
4/7/2015,1.893000007
4/8/2015,1.894999981
4/9/2015,1.957999945
4/10/2015,1.950999975
4/13/2015,1.93900001
4/14/2015,1.904000044
4/15/2015,1.899999976
4/16/2015,1.878000021
4/17/2015,1.850000024
4/20/2015,1.894999981
4/21/2015,1.916000009
4/22/2015,1.972000003
4/23/2015,1.947000027
4/24/2015,1.917000055
4/27/2015,1.924000025
4/28/2015,1.97300005
4/29/2015,2.035000086
4/30/2015,2.046000004
5/1/2015,2.117000103
5/4/2015,2.13499999
5/5/2015,2.176000118
5/6/2015,2.24000001
5/7/2015,2.184000015
5/8/2015,2.150000095
5/11/2015,2.273999929
5/12/2015,2.25999999
5/13/2015,2.282000065
5/14/2015,2.239000082
5/15/2015,2.141000032
5/18/2015,2.227999926
5/19/2015,2.262000084
5/20/2015,2.250999928
5/21/2015,2.184999943
5/22/2015,2.214999914
5/26/2015,2.137000084
5/27/2015,2.13499999
5/28/2015,2.130000114
5/29/2015,2.095000029
6/1/2015,2.191999912
6/2/2015,2.266000032
6/3/2015,2.365999937
6/4/2015,2.306999922
6/5/2015,2.40199995
6/8/2015,2.381000042
6/9/2015,2.417000055
6/10/2015,2.477999926
6/11/2015,2.382999897
6/12/2015,2.38499999
6/15/2015,2.35800004
6/16/2015,2.318000078
6/17/2015,2.305999994
6/18/2015,2.351000071
6/19/2015,2.26699996
6/22/2015,2.359999895
6/23/2015,2.40899992
6/24/2015,2.371000051
6/25/2015,2.392999887
6/26/2015,2.476000071
6/29/2015,2.33100009
6/30/2015,2.335000038
7/1/2015,2.417999983
7/2/2015,2.392999887
7/6/2015,2.278000116
7/7/2015,2.230999947
7/8/2015,2.20600009
7/9/2015,2.301000118
7/10/2015,2.417000055
7/13/2015,2.430000067
7/14/2015,2.398999929
7/15/2015,2.349999905
7/16/2015,2.351999998
7/17/2015,2.348999977
7/20/2015,2.371999979
7/21/2015,2.339999914
7/22/2015,2.322000027
7/23/2015,2.27699995
7/24/2015,2.270999908
7/27/2015,2.227999926
7/28/2015,2.25
7/29/2015,2.279000044
7/30/2015,2.267999887
7/31/2015,2.204999924
8/3/2015,2.150000095
8/4/2015,2.210999966
8/5/2015,2.267999887
8/6/2015,2.233999968
8/7/2015,2.174999952
8/10/2015,2.237999916
8/11/2015,2.137000084
8/12/2015,2.130000114
8/13/2015,2.188999891
8/14/2015,2.196000099
8/17/2015,2.150000095
8/18/2015,2.196000099
8/19/2015,2.128999949
8/20/2015,2.084000111
8/21/2015,2.053999901
8/24/2015,1.996999979
8/25/2015,2.132999897
8/26/2015,2.171999931
8/27/2015,2.167999983
8/28/2015,2.186000109
8/31/2015,2.200000048
9/1/2015,2.171999931
9/2/2015,2.193000078
9/3/2015,2.167999983
9/4/2015,2.128000021
9/8/2015,2.194000006
9/9/2015,2.180999994
9/10/2015,2.221999884
9/11/2015,2.183000088
9/14/2015,2.180000067
9/15/2015,2.280999899
9/16/2015,2.302999973
9/17/2015,2.217000008
9/18/2015,2.130000114
9/21/2015,2.213999987
9/22/2015,2.125
9/23/2015,2.144000053
9/24/2015,2.119999886
9/25/2015,2.167999983
9/28/2015,2.095000029
9/29/2015,2.053999901
9/30/2015,2.059999943
10/1/2015,2.042000055
10/2/2015,1.988999963
10/5/2015,2.055999994
10/6/2015,2.035000086
10/7/2015,2.062000036
10/8/2015,2.10800004
10/9/2015,2.098999977
10/12/2015,2.089999914
10/13/2015,2.055000067
10/14/2015,1.980999947
10/15/2015,2.023000002
10/16/2015,2.023000002
10/19/2015,2.028000116
10/20/2015,2.071000099
10/21/2015,2.029999971
10/22/2015,2.025000095
10/23/2015,2.082999945
10/26/2015,2.058000088
10/27/2015,2.028000116
10/28/2015,2.092000008
10/29/2015,2.173000097
10/30/2015,2.151000023
11/2/2015,2.187000036
11/3/2015,2.220000029
11/4/2015,2.230000019
11/5/2015,2.244999886
11/6/2015,2.332999945
11/9/2015,2.342000008
11/10/2015,2.322000027
11/11/2015,2.338000059
11/12/2015,2.319000006
11/13/2015,2.279999971
11/16/2015,2.273000002
11/17/2015,2.260999918
11/18/2015,2.269000053
11/19/2015,2.247999907
11/20/2015,2.262000084
11/23/2015,2.25
11/24/2015,2.243000031
11/25/2015,2.232000113
11/27/2015,2.224999905
11/30/2015,2.217999935
12/1/2015,2.154999971
12/2/2015,2.177999973
12/3/2015,2.329999924
12/4/2015,2.275000095
12/7/2015,2.224999905
12/8/2015,2.237999916
12/9/2015,2.207999945
12/10/2015,2.239000082
12/11/2015,2.138999939
12/14/2015,2.224999905
12/15/2015,2.267999887
12/16/2015,2.286999941
12/17/2015,2.237999916
12/18/2015,2.198999882
12/21/2015,2.197000027
12/22/2015,2.239000082
12/23/2015,2.263999939
12/24/2015,2.243000031
12/28/2015,2.224999905
12/29/2015,2.306999922
12/30/2015,2.302999973
12/31/2015,2.269000053
1/4/2016,2.244999886
1/5/2016,2.247999907
1/6/2016,2.177000046
1/7/2016,2.153000116
1/8/2016,2.130000114
1/11/2016,2.157999992
1/12/2016,2.101999998
1/13/2016,2.065999985
1/14/2016,2.09800005
1/15/2016,2.032999992
1/19/2016,2.035000086
1/20/2016,1.983999968
1/21/2016,2.019000053
1/22/2016,2.048000097
1/25/2016,2.022000074
1/26/2016,1.993999958
1/27/2016,2.000999928
1/28/2016,1.985000014
1/29/2016,1.930999994
2/1/2016,1.965999961
2/2/2016,1.863999963
2/3/2016,1.881000042
2/4/2016,1.863999963
2/5/2016,1.84800005
2/8/2016,1.735000014
2/9/2016,1.728999972
2/10/2016,1.705000043
2/11/2016,1.644000053
2/12/2016,1.748000026
2/16/2016,1.777999997
2/17/2016,1.819000006
2/18/2016,1.758999944
2/19/2016,1.748000026
2/22/2016,1.766000032
2/23/2016,1.745000005
2/24/2016,1.741999984
2/25/2016,1.697000027
2/26/2016,1.761999965
2/29/2016,1.74000001
3/1/2016,1.833999991
3/2/2016,1.84800005
3/3/2016,1.830000043
3/4/2016,1.883000016
3/7/2016,1.90199995
3/8/2016,1.832000017
3/9/2016,1.89199996
3/10/2016,1.92900002
3/11/2016,1.976999998
3/14/2016,1.963000059
3/15/2016,1.958999991
3/16/2016,1.937999964
3/17/2016,1.902999997
3/18/2016,1.871000051
3/21/2016,1.922999978
3/22/2016,1.934999943
3/23/2016,1.875
3/24/2016,1.899999976
3/28/2016,1.870000005
3/29/2016,1.81400001
3/30/2016,1.830000043
3/31/2016,1.786000013
4/1/2016,1.792000055
4/4/2016,1.779000044
4/5/2016,1.726999998
4/6/2016,1.754999995
4/7/2016,1.690999985
4/8/2016,1.720000029
4/11/2016,1.723999977
4/12/2016,1.781000018
4/13/2016,1.761999965
4/14/2016,1.781000018
4/15/2016,1.751999974
4/18/2016,1.773000002
4/19/2016,1.782999992
4/20/2016,1.853999972
4/21/2016,1.870000005
4/22/2016,1.888000011
4/25/2016,1.90199995
4/26/2016,1.930999994
4/27/2016,1.860000014
4/28/2016,1.838000059
4/29/2016,1.819000006
5/2/2016,1.86500001
5/3/2016,1.799999952
5/4/2016,1.784000039
5/5/2016,1.746999979
5/6/2016,1.779000044
5/9/2016,1.75999999
5/10/2016,1.75999999
5/11/2016,1.736999989
5/12/2016,1.756999969
5/13/2016,1.705000043
5/16/2016,1.753000021
5/17/2016,1.758999944
5/18/2016,1.879999995
5/19/2016,1.845000029
5/20/2016,1.848999977
5/23/2016,1.838000059
5/24/2016,1.858999968
5/25/2016,1.870000005
5/26/2016,1.822999954
5/27/2016,1.850999951
5/31/2016,1.833999991
6/1/2016,1.845999956
6/2/2016,1.81099999
6/3/2016,1.703999996
6/6/2016,1.72300005
6/7/2016,1.713000059
6/8/2016,1.70599997
6/9/2016,1.679999948
6/10/2016,1.639000058
6/13/2016,1.616000056
6/14/2016,1.610999942
6/15/2016,1.595999956
6/16/2016,1.56400001
6/17/2016,1.618000031
6/20/2016,1.669999957
6/21/2016,1.697000027
6/22/2016,1.684999943
6/23/2016,1.738999963
6/24/2016,1.578999996
6/27/2016,1.460000038
6/28/2016,1.460999966
6/29/2016,1.476999998
6/30/2016,1.488000035
7/1/2016,1.45599997
7/5/2016,1.366999984
7/6/2016,1.38499999
7/7/2016,1.386999965
7/8/2016,1.366000056
7/11/2016,1.434000015
7/12/2016,1.513000011
7/13/2016,1.468000054
7/14/2016,1.531000018
7/15/2016,1.593999982
7/18/2016,1.587000012
7/19/2016,1.557999969
7/20/2016,1.580000043
7/21/2016,1.565000057
7/22/2016,1.570000052
7/25/2016,1.57099998
7/26/2016,1.562999964
7/27/2016,1.514999986
7/28/2016,1.511000037
7/29/2016,1.457999945
8/1/2016,1.496000051
8/2/2016,1.536999941
8/3/2016,1.542000055
8/4/2016,1.503000021
8/5/2016,1.582000017
8/8/2016,1.582999945
8/9/2016,1.544999957
8/10/2016,1.508999944
8/11/2016,1.572999954
8/12/2016,1.514999986
8/15/2016,1.552999973
8/16/2016,1.575999975
8/17/2016,1.56099999
8/18/2016,1.536000013
8/19/2016,1.577999949
8/22/2016,1.539000034
8/23/2016,1.552999973
8/24/2016,1.559000015
8/25/2016,1.577000022
8/26/2016,1.63499999
8/29/2016,1.565999985
8/30/2016,1.570000052
8/31/2016,1.567999959
9/1/2016,1.570000052
9/2/2016,1.595999956
9/6/2016,1.542999983
9/7/2016,1.541000009
9/8/2016,1.616000056
9/9/2016,1.672000051
9/12/2016,1.672000051
9/13/2016,1.733999968
9/14/2016,1.68900001
9/15/2016,1.702999949
9/16/2016,1.700999975
9/19/2016,1.69599998
9/20/2016,1.687999964
9/21/2016,1.667999983
9/22/2016,1.631999969
9/23/2016,1.61500001
9/26/2016,1.588999987
9/27/2016,1.555999994
9/28/2016,1.567000031
9/29/2016,1.557000041
9/30/2016,1.60800004
10/3/2016,1.621999979
10/4/2016,1.682999969
10/5/2016,1.715999961
10/6/2016,1.741999984
10/7/2016,1.735999942
10/11/2016,1.758999944
10/12/2016,1.777999997
10/13/2016,1.738000035
10/14/2016,1.79400003
10/17/2016,1.766000032
10/18/2016,1.748999953
10/19/2016,1.751999974
10/20/2016,1.746999979
10/21/2016,1.74000001
10/24/2016,1.763000011
10/25/2016,1.758000016
10/26/2016,1.789999962
10/27/2016,1.843000054
10/28/2016,1.845000029
10/31/2016,1.833999991
11/1/2016,1.820000052
11/2/2016,1.799000025
11/3/2016,1.812000036
11/4/2016,1.782999992
11/7/2016,1.827999949
11/8/2016,1.861999989
11/9/2016,2.072000027
11/10/2016,2.117000103
11/14/2016,2.221999884
11/15/2016,2.237999916
11/16/2016,2.22300005
11/17/2016,2.276000023
11/18/2016,2.335000038
11/21/2016,2.338999987
11/22/2016,2.321000099
11/23/2016,2.357000113
11/25/2016,2.371999979
11/28/2016,2.319999933
11/29/2016,2.302000046
11/30/2016,2.368000031
12/1/2016,2.440999985
12/2/2016,2.390000105
12/5/2016,2.387000084
12/6/2016,2.395999908
12/7/2016,2.346999884
12/8/2016,2.387000084
12/9/2016,2.463999987
12/12/2016,2.479000092
12/13/2016,2.480999947
12/14/2016,2.525000095
12/15/2016,2.579999924
12/16/2016,2.596999884
12/19/2016,2.542000055
12/20/2016,2.568000078
12/21/2016,2.546000004
12/22/2016,2.552999973
12/23/2016,2.542999983
12/27/2016,2.562999964
12/28/2016,2.506000042
12/29/2016,2.476999998
12/30/2016,2.446000099
1/3/2017,2.450000048
1/4/2017,2.451999903
1/5/2017,2.368000031
1/6/2017,2.417999983
1/9/2017,2.375999928
1/10/2017,2.378999949
1/11/2017,2.369999886
1/12/2017,2.361000061
1/13/2017,2.380000114
1/17/2017,2.326999903
1/18/2017,2.388999939
1/19/2017,2.459000111
1/20/2017,2.467000008
1/23/2017,2.403000116
1/24/2017,2.470999956
1/25/2017,2.523000002
1/26/2017,2.507999897
1/27/2017,2.480999947
1/30/2017,2.48300004
1/31/2017,2.450999975
2/1/2017,2.473999977
2/2/2017,2.470000029
2/3/2017,2.490999937
2/6/2017,2.413000107
2/7/2017,2.388999939
2/8/2017,2.351000071
2/9/2017,2.394999981
2/10/2017,2.40899992
2/13/2017,2.434000015
2/14/2017,2.470000029
2/15/2017,2.502000093
2/16/2017,2.450000048
2/17/2017,2.424999952
2/21/2017,2.427000046
2/22/2017,2.417999983
2/23/2017,2.388000011
2/24/2017,2.316999912
2/27/2017,2.368999958
2/28/2017,2.35800004
3/1/2017,2.463000059
3/2/2017,2.489000082
3/3/2017,2.492000103
3/6/2017,2.493999958
3/7/2017,2.510999918
3/8/2017,2.552000046
3/9/2017,2.59800005
3/10/2017,2.582000017
3/13/2017,2.60800004
3/14/2017,2.595000029
3/15/2017,2.507999897
3/16/2017,2.522000074
3/17/2017,2.500999928
3/20/2017,2.47300005
3/21/2017,2.436000109
3/22/2017,2.395999908
3/23/2017,2.417999983
3/24/2017,2.400000095
3/27/2017,2.372999907
3/28/2017,2.40899992
3/29/2017,2.385999918
3/30/2017,2.415999889
3/31/2017,2.395999908
4/3/2017,2.349999905
4/4/2017,2.349999905
4/5/2017,2.357000113
4/6/2017,2.342999935
4/7/2017,2.372999907
4/10/2017,2.361000061
4/11/2017,2.298000097
4/12/2017,2.296000004
4/13/2017,2.232000113
4/17/2017,2.252000093
4/18/2017,2.178999901
4/19/2017,2.201999903
4/20/2017,2.240999937
4/21/2017,2.236999989
4/24/2017,2.273000002
4/25/2017,2.326999903
4/26/2017,2.311000109
4/27/2017,2.296000004
4/28/2017,2.282000065
5/1/2017,2.325000048
5/2/2017,2.296000004
5/3/2017,2.309000015
5/4/2017,2.355999947
5/5/2017,2.351999998
5/8/2017,2.375999928
5/9/2017,2.407000065
5/10/2017,2.414000034
5/11/2017,2.400000095
5/12/2017,2.335000038
5/15/2017,2.338000059
5/16/2017,2.328999996
5/17/2017,2.21600008
5/18/2017,2.23300004
5/19/2017,2.244999886
5/22/2017,2.253999949
5/23/2017,2.285000086
5/24/2017,2.266000032
5/25/2017,2.255000114
5/26/2017,2.25
5/30/2017,2.217000008
5/31/2017,2.196000099
6/1/2017,2.217000008
6/2/2017,2.15899992
6/5/2017,2.181999922
6/6/2017,2.147000074
6/7/2017,2.177999973
6/8/2017,2.194000006
6/9/2017,2.198999882
6/12/2017,2.213000059
6/13/2017,2.207000017
6/14/2017,2.138000011
6/15/2017,2.161999941
6/16/2017,2.157000065
6/19/2017,2.190000057
6/20/2017,2.153000116
6/21/2017,2.154999971
6/22/2017,2.153000116
6/23/2017,2.144000053
6/26/2017,2.137000084
6/27/2017,2.197999954
6/28/2017,2.220999956
6/29/2017,2.26699996
6/30/2017,2.302000046
7/3/2017,2.345999956
7/5/2017,2.334000111
7/6/2017,2.369999886
7/7/2017,2.392999887
7/10/2017,2.371000051
7/11/2017,2.361999989
7/12/2017,2.326999903
7/13/2017,2.34800005
7/14/2017,2.319000006
7/17/2017,2.309000015
7/18/2017,2.263000011
7/19/2017,2.267999887
7/20/2017,2.266000032
7/21/2017,2.232000113
7/24/2017,2.253999949
7/25/2017,2.325999975
7/26/2017,2.282000065
7/27/2017,2.309999943
7/28/2017,2.289000034
7/31/2017,2.292000055
8/1/2017,2.250999928
8/2/2017,2.262000084
8/3/2017,2.227999926
8/4/2017,2.26699996
8/7/2017,2.256999969
8/8/2017,2.282999992
8/9/2017,2.240999937
8/10/2017,2.211999893
8/11/2017,2.188999891
8/14/2017,2.219000101
8/15/2017,2.266000032
8/16/2017,2.226000071
8/17/2017,2.198999882
8/18/2017,2.194000006
8/21/2017,2.180000067
8/22/2017,2.214999914
8/23/2017,2.171000004
8/24/2017,2.194000006
8/25/2017,2.16899991
8/28/2017,2.15899992
8/29/2017,2.135999918
8/30/2017,2.142999887
8/31/2017,2.121000051
9/1/2017,2.157000065
9/5/2017,2.069999933
9/6/2017,2.10800004
9/7/2017,2.061000109
9/8/2017,2.061000109
9/11/2017,2.125
9/12/2017,2.171000004
9/13/2017,2.194999933
9/14/2017,2.197000027
9/15/2017,2.201999903
9/18/2017,2.229000092
9/19/2017,2.243000031
9/20/2017,2.27699995
9/21/2017,2.278000116
9/22/2017,2.262000084
9/25/2017,2.220000029
9/26/2017,2.229000092
9/27/2017,2.309000015
9/28/2017,2.309000015
9/29/2017,2.325999975
10/2/2017,2.336999893
10/3/2017,2.334000111
10/4/2017,2.329999924
10/5/2017,2.349999905
10/6/2017,2.369999886
10/9/2017,2.361000061
10/10/2017,2.345000029
10/11/2017,2.345000029
10/12/2017,2.322999954
10/13/2017,2.279999971
10/16/2017,2.306999922
10/17/2017,2.298000097
10/18/2017,2.338999987
10/19/2017,2.321000099
10/20/2017,2.381000042
10/23/2017,2.375999928
10/24/2017,2.405999899
10/25/2017,2.444000006
10/26/2017,2.451999903
10/27/2017,2.427999973
10/30/2017,2.369999886
10/31/2017,2.375999928
11/1/2017,2.375999928
11/2/2017,2.346999884
11/3/2017,2.342999935
11/6/2017,2.319999933
11/7/2017,2.306999922
11/8/2017,2.325000048
11/9/2017,2.33100009
11/10/2017,2.400000095
11/13/2017,2.400000095
11/14/2017,2.381000042
11/15/2017,2.335000038
11/16/2017,2.361000061
11/17/2017,2.354000092
11/20/2017,2.371999979
11/21/2017,2.362999916
11/22/2017,2.322000027
11/24/2017,2.339999914
11/27/2017,2.328000069
11/28/2017,2.338000059
11/29/2017,2.375999928
11/30/2017,2.417000055
12/1/2017,2.361999989
12/4/2017,2.378999949
12/5/2017,2.355999947
12/6/2017,2.329999924
12/7/2017,2.375999928
12/8/2017,2.382999897
12/11/2017,2.38499999
12/12/2017,2.403000116
12/13/2017,2.348999977
12/14/2017,2.345999956
12/15/2017,2.355000019
12/18/2017,2.39199996
12/19/2017,2.463000059
12/20/2017,2.496999979
12/21/2017,2.480999947
12/22/2017,2.484999895
12/26/2017,2.467000008
12/27/2017,2.414000034
12/28/2017,2.431999922
12/29/2017,2.404999971
1/2/2018,2.464999914
1/3/2018,2.447000027
1/4/2018,2.453000069
1/5/2018,2.476000071
1/8/2018,2.480000019
1/9/2018,2.546000004
1/10/2018,2.549999952
1/11/2018,2.530999899
1/12/2018,2.552000046
1/16/2018,2.54399991
1/17/2018,2.578000069
1/18/2018,2.611000061
1/19/2018,2.637000084
1/22/2018,2.664999962
1/23/2018,2.624000072
1/24/2018,2.654000044
1/25/2018,2.621000051
1/26/2018,2.661999941
1/30/2018,2.726000071
1/31/2018,2.720000029
2/1/2018,2.773000002
2/2/2018,2.854000092
2/5/2018,2.79399991
2/6/2018,2.767999887
2/7/2018,2.844000101
2/8/2018,2.851000071
2/9/2018,2.828999996
2/12/2018,2.857000113
2/13/2018,2.839999914
2/14/2018,2.913000107
2/15/2018,2.891000032
2/16/2018,2.877000093
2/20/2018,2.892999887
2/21/2018,2.943000078
2/22/2018,2.917000055
2/23/2018,2.871000051
2/26/2018,2.858999968
2/27/2018,2.907999992
2/28/2018,2.868000031
3/1/2018,2.803999901
3/2/2018,2.857000113
3/5/2018,2.881000042
3/6/2018,2.877000093
3/7/2018,2.882999897
3/8/2018,2.865999937
3/9/2018,2.894000053
3/12/2018,2.869999886
3/13/2018,2.84800005
3/14/2018,2.816999912
3/15/2018,2.825999975
3/16/2018,2.84800005
3/19/2018,2.845000029
3/20/2018,2.878999949
3/21/2018,2.907000065
3/22/2018,2.832000017
3/23/2018,2.829999924
3/26/2018,2.842999935
3/27/2018,2.786000013
3/28/2018,2.775000095
3/29/2018,2.740999937
4/2/2018,2.732000113
4/3/2018,2.78399992
4/4/2018,2.788000107
4/5/2018,2.832000017
4/6/2018,2.775000095
4/9/2018,2.786000013
4/10/2018,2.796999931
4/11/2018,2.789999962
4/12/2018,2.834000111
4/13/2018,2.828999996
4/16/2018,2.832000017
4/17/2018,2.813999891
4/18/2018,2.867000103
4/19/2018,2.914000034
4/20/2018,2.950999975
4/23/2018,2.97300005
4/24/2018,2.98300004
4/25/2018,3.023999929
4/26/2018,2.99000001
4/27/2018,2.957000017
4/30/2018,2.936000109
5/1/2018,2.976000071
5/2/2018,2.963999987
5/3/2018,2.946000099
5/4/2018,2.944000006
5/7/2018,2.950000048
5/8/2018,2.969000101
5/9/2018,3.003999949
5/10/2018,2.970999956
5/11/2018,2.970999956
5/14/2018,2.994999886
5/15/2018,3.079999924
5/16/2018,3.095000029
5/17/2018,3.108999968
5/18/2018,3.066999912
5/21/2018,3.065000057
5/22/2018,3.065000057
5/23/2018,3.003000021
5/24/2018,2.980999947
5/25/2018,2.930999994
5/29/2018,2.767999887
5/30/2018,2.842000008
5/31/2018,2.822000027
6/1/2018,2.894999981
6/4/2018,2.937000036
6/5/2018,2.91899991
6/6/2018,2.974999905
6/7/2018,2.933000088
6/8/2018,2.937000036
6/11/2018,2.957000017
6/12/2018,2.957000017
6/13/2018,2.976999998
6/14/2018,2.946000099
6/15/2018,2.924000025
6/18/2018,2.926000118
6/19/2018,2.892999887
6/20/2018,2.927999973
6/21/2018,2.897000074
6/22/2018,2.900000095
6/25/2018,2.875
6/26/2018,2.880000114
6/27/2018,2.826999903
6/28/2018,2.846999884
6/29/2018,2.848999977
7/2/2018,2.865999937
7/3/2018,2.838000059
7/5/2018,2.839999914
7/6/2018,2.83100009
7/9/2018,2.859999895
7/10/2018,2.872999907
7/11/2018,2.842000008
7/12/2018,2.852999926
7/13/2018,2.83100009
7/16/2018,2.85800004
7/17/2018,2.864000082
7/18/2018,2.875
7/19/2018,2.846999884
7/20/2018,2.894999981
7/23/2018,2.964999914
7/24/2018,2.948999882
7/25/2018,2.936000109
7/26/2018,2.974999905
7/27/2018,2.960000038
7/30/2018,2.974999905
7/31/2018,2.963999987
8/1/2018,3.003000021
8/2/2018,2.986000061
8/3/2018,2.953000069
8/6/2018,2.937999964
8/7/2018,2.97300005
8/8/2018,2.970999956
8/9/2018,2.934999943
8/10/2018,2.857000113
8/13/2018,2.877000093
8/14/2018,2.894999981
8/15/2018,2.851999998
8/16/2018,2.871000051
8/17/2018,2.872999907
8/20/2018,2.822999954
8/21/2018,2.844000101
8/22/2018,2.822999954
8/23/2018,2.821000099
8/24/2018,2.825999975
8/27/2018,2.84800005
8/28/2018,2.884000063
8/29/2018,2.884000063
8/30/2018,2.859999895
8/31/2018,2.852999926
9/4/2018,2.90199995
9/5/2018,2.90199995
9/6/2018,2.878999949
9/7/2018,2.941999912
9/10/2018,2.937000036
9/11/2018,2.976999998
9/12/2018,2.963000059
9/13/2018,2.963000059
9/14/2018,2.993999958
9/17/2018,3.000999928
9/18/2018,3.048000097
9/19/2018,3.082999945
9/20/2018,3.078000069
9/21/2018,3.068000078
9/24/2018,3.078000069
9/25/2018,3.101999998
9/26/2018,3.061000109
9/27/2018,3.055999994
9/28/2018,3.055999994
10/1/2018,3.079999924
10/2/2018,3.055999994
10/3/2018,3.161000013
10/4/2018,3.197000027
10/5/2018,3.224999905
10/8/2018,3.23300004
10/9/2018,3.207999945
10/10/2018,3.224999905
10/11/2018,3.132999897
10/12/2018,3.141000032
10/15/2018,3.163000107
10/16/2018,3.155999899
10/17/2018,3.178999901
10/18/2018,3.174999952
10/19/2018,3.197999954
10/22/2018,3.196000099
10/23/2018,3.165999889
10/24/2018,3.124000072
10/25/2018,3.135999918
10/26/2018,3.076999903
10/29/2018,3.086999893
10/30/2018,3.109999895
10/31/2018,3.15899992
11/1/2018,3.144000053
11/2/2018,3.213999987
11/5/2018,3.200999975
11/6/2018,3.213999987
11/7/2018,3.213000059
11/8/2018,3.233999968
11/9/2018,3.188999891
11/12/2018,3.186000109
11/13/2018,3.144999981
11/14/2018,3.119999886
11/15/2018,3.118000031
11/16/2018,3.073999882
11/19/2018,3.056999922
11/20/2018,3.048000097
11/21/2018,3.061000109
11/23/2018,3.053999901
11/26/2018,3.072000027
11/27/2018,3.055000067
11/28/2018,3.04399991
11/29/2018,3.035000086
11/30/2018,3.013000011
12/3/2018,2.992000103
12/4/2018,2.924000025
12/6/2018,2.875999928
12/7/2018,2.849999905
12/10/2018,2.855999947
12/11/2018,2.878999949
12/12/2018,2.905999899
12/13/2018,2.911000013
12/14/2018,2.891000032
12/17/2018,2.857000113
12/18/2018,2.825000048
12/19/2018,2.778000116
12/20/2018,2.789000034
12/21/2018,2.792000055
12/24/2018,2.749000072
12/26/2018,2.796999931
12/27/2018,2.743000031
12/28/2018,2.736000061
12/31/2018,2.686000109
1/2/2019,2.661000013
1/3/2019,2.553999901
1/4/2019,2.65899992
1/7/2019,2.681999922
1/8/2019,2.71600008
1/9/2019,2.727999926
1/10/2019,2.730999947
1/11/2019,2.700999975
1/14/2019,2.710000038
1/15/2019,2.710999966
1/16/2019,2.730999947
1/17/2019,2.749000072
1/18/2019,2.78399992
1/22/2019,2.730000019
1/23/2019,2.755000114
1/24/2019,2.711999893
1/25/2019,2.753000021
1/28/2019,2.743999958
1/29/2019,2.711999893
1/30/2019,2.694999933
1/31/2019,2.63499999
2/1/2019,2.690999985
2/4/2019,2.723999977
2/5/2019,2.701999903
2/6/2019,2.701999903
2/7/2019,2.65199995
2/8/2019,2.631999969
2/11/2019,2.661000013
2/12/2019,2.684000015
2/13/2019,2.707999945
2/14/2019,2.657000065
2/15/2019,2.665999889
2/19/2019,2.647000074
2/20/2019,2.654000044
2/21/2019,2.687999964
2/22/2019,2.654999971
2/25/2019,2.673000097
2/26/2019,2.635999918
2/27/2019,2.693000078
2/28/2019,2.710999966
3/1/2019,2.755000114
3/4/2019,2.721999884
3/5/2019,2.721999884
3/6/2019,2.691999912
3/7/2019,2.635999918
3/8/2019,2.625
3/11/2019,2.642999887
3/12/2019,2.605000019
3/13/2019,2.611000061
3/14/2019,2.630000114
3/15/2019,2.592999935
3/18/2019,2.601999998
3/19/2019,2.614000082
3/20/2019,2.535000086
3/21/2019,2.536999941
3/22/2019,2.454999924
3/25/2019,2.420000076
3/26/2019,2.414000034
3/27/2019,2.374000072
3/28/2019,2.388999939
3/29/2019,2.414000034
4/1/2019,2.496999979
4/2/2019,2.480999947
4/3/2019,2.51699996
4/4/2019,2.512000084
4/5/2019,2.500999928
4/8/2019,2.519000053
4/9/2019,2.499000072
4/10/2019,2.476999998
4/11/2019,2.503999949
4/12/2019,2.559999943
4/15/2019,2.552999973
4/16/2019,2.592000008
4/17/2019,2.592000008
4/18/2019,2.559999943
4/22/2019,2.589999914
4/23/2019,2.569999933
4/24/2019,2.522000074
4/25/2019,2.53399992
4/26/2019,2.505000114
4/29/2019,2.536000013
4/30/2019,2.509000063
5/1/2019,2.510999918
5/2/2019,2.552000046
5/3/2019,2.530999899
5/6/2019,2.5
5/7/2019,2.447999954
5/8/2019,2.482000113
5/9/2019,2.457000017
5/10/2019,2.454999924
5/13/2019,2.404999971
5/14/2019,2.41899991
5/15/2019,2.378999949
5/16/2019,2.404999971
5/17/2019,2.392999887
5/20/2019,2.415999889
5/21/2019,2.426000118
5/22/2019,2.392999887
5/23/2019,2.296000004
5/24/2019,2.323999882
5/28/2019,2.267999887
5/29/2019,2.236000061
5/30/2019,2.226999998
5/31/2019,2.14199996
6/3/2019,2.08100009
6/4/2019,2.118999958
6/5/2019,2.122999907
6/6/2019,2.124000072
6/7/2019,2.084000111
6/10/2019,2.142999887
6/11/2019,2.140000105
6/12/2019,2.127000093
6/13/2019,2.09100008
6/14/2019,2.092999935
6/17/2019,2.085999966
6/18/2019,2.059999943
6/19/2019,2.029000044
6/20/2019,2.000999928
6/21/2019,2.068000078
6/24/2019,2.020999908
6/25/2019,1.993999958
6/26/2019,2.049000025
6/27/2019,2.005000114
6/28/2019,2.0
7/1/2019,2.03399992
7/2/2019,1.975999951
7/3/2019,1.952999949
7/5/2019,2.048000097
7/8/2019,2.03399992
7/9/2019,2.053999901
7/10/2019,2.061000109
7/11/2019,2.119999886
7/12/2019,2.105999947
7/15/2019,2.092000008
7/16/2019,2.121999979
7/17/2019,2.061000109
7/18/2019,2.038000107
7/19/2019,2.048000097
7/22/2019,2.042999983
7/23/2019,2.073999882
7/24/2019,2.049999952
7/25/2019,2.073999882
7/26/2019,2.08100009
7/29/2019,2.055000067
7/30/2019,2.061000109
7/31/2019,2.020999908
8/1/2019,1.894000053
8/2/2019,1.855000019
8/5/2019,1.735000014
8/6/2019,1.738999963
8/7/2019,1.684000015
8/8/2019,1.715999961
8/9/2019,1.733999968
8/12/2019,1.639000058
8/13/2019,1.679999948
8/14/2019,1.58099997
8/15/2019,1.529000044
8/16/2019,1.539000034
8/19/2019,1.59800005
8/20/2019,1.56099999
8/21/2019,1.577000022
8/22/2019,1.610000014
8/23/2019,1.527999997
8/26/2019,1.544999957
8/27/2019,1.49000001
8/28/2019,1.465999961
8/29/2019,1.516000032
8/30/2019,1.506000042
9/3/2019,1.465999961
9/4/2019,1.458999991
9/5/2019,1.565000057
9/6/2019,1.549999952
9/9/2019,1.621999979
9/10/2019,1.702000022
9/11/2019,1.73300004
9/12/2019,1.791000009
9/13/2019,1.902999997
9/16/2019,1.840999961
9/17/2019,1.812000036
9/18/2019,1.786000013
9/19/2019,1.774000049
9/20/2019,1.754999995
9/23/2019,1.707999945
9/24/2019,1.63499999
9/25/2019,1.731999993
9/26/2019,1.684999943
9/27/2019,1.674999952
9/30/2019,1.674999952
10/1/2019,1.644000053
10/2/2019,1.595999956
10/3/2019,1.536000013
10/4/2019,1.514999986
10/7/2019,1.552999973
10/8/2019,1.536999941
10/9/2019,1.588999987
10/10/2019,1.657999992
10/11/2019,1.751999974
10/14/2019,1.73300004
10/15/2019,1.771000028
10/16/2019,1.748000026
10/17/2019,1.756999969
10/18/2019,1.746999979
10/21/2019,1.792000055
10/22/2019,1.768000007
10/23/2019,1.758999944
10/24/2019,1.766000032
10/25/2019,1.800999999
10/28/2019,1.853000045
10/29/2019,1.835000038
10/30/2019,1.797999978
10/31/2019,1.690999985
11/1/2019,1.728000045
11/4/2019,1.786000013
11/5/2019,1.866000056
11/6/2019,1.81400001
11/7/2019,1.925999999
11/8/2019,1.932999969
11/11/2019,1.942999959
11/12/2019,1.909000039
11/13/2019,1.870000005
11/14/2019,1.815000057
11/15/2019,1.833999991
11/18/2019,1.807999969
11/19/2019,1.786000013
11/20/2019,1.738000035
11/21/2019,1.771999955
11/22/2019,1.774000049
11/25/2019,1.764000058
11/26/2019,1.74000001
11/27/2019,1.76699996
11/29/2019,1.776000023
12/2/2019,1.835999966
12/3/2019,1.708999991
12/4/2019,1.781000018
12/5/2019,1.797000051
12/6/2019,1.842000008
12/9/2019,1.828999996
12/10/2019,1.832999945
12/11/2019,1.789999962
12/12/2019,1.896999955
12/13/2019,1.819000006
12/16/2019,1.89199996
12/17/2019,1.889000058
12/18/2019,1.924000025
12/19/2019,1.907999992
12/20/2019,1.917000055
12/23/2019,1.934999943
12/24/2019,1.909999967
12/26/2019,1.904999971
12/27/2019,1.873999953
12/30/2019,1.894999981
12/31/2019,1.91900003
1/2/2020,1.881999969
1/3/2020,1.787999988
1/6/2020,1.81099999
1/7/2020,1.827000022
1/8/2020,1.873999953
1/9/2020,1.85800004
1/10/2020,1.825000048
1/13/2020,1.84800005
1/14/2020,1.817999959
1/15/2020,1.787999988
1/16/2020,1.809000015
1/17/2020,1.835999966
1/21/2020,1.769000053
1/22/2020,1.769000053
1/23/2020,1.74000001
1/24/2020,1.680999994
1/27/2020,1.605000019
1/28/2020,1.641000032
1/29/2020,1.593999982
1/30/2020,1.557999969
1/31/2020,1.519999981
2/3/2020,1.519999981
2/4/2020,1.603000045
2/5/2020,1.649000049
2/6/2020,1.644000053
2/7/2020,1.577999949
2/10/2020,1.547000051
2/11/2020,1.590000033
2/12/2020,1.629999995
2/13/2020,1.616999984
2/14/2020,1.588000059
2/18/2020,1.555999994
2/19/2020,1.570000052
2/20/2020,1.524999976
2/21/2020,1.470999956
2/24/2020,1.376999974
2/25/2020,1.330000043
2/26/2020,1.309999943
2/27/2020,1.299000025
2/28/2020,1.126999974
3/2/2020,1.088000059
3/3/2020,1.00999999
3/4/2020,0.991999984
3/5/2020,0.925999999
3/6/2020,0.70599997
3/9/2020,0.499000013
3/10/2020,0.748000026
3/11/2020,0.819999993
3/12/2020,0.848999977
3/13/2020,0.950999975
3/16/2020,0.727999985
3/17/2020,0.996999979
3/18/2020,1.266000032
3/19/2020,1.118999958
3/20/2020,0.938000023
3/23/2020,0.763999999
3/24/2020,0.815999985
3/25/2020,0.85799998
3/26/2020,0.81099999
3/27/2020,0.749000013
3/30/2020,0.670000017
3/31/2020,0.698000014
4/1/2020,0.63499999
4/2/2020,0.626999974
4/3/2020,0.587000012
4/6/2020,0.675999999
4/7/2020,0.736000001
4/8/2020,0.763999999
4/9/2020,0.728999972
4/13/2020,0.749000013
4/14/2020,0.751999974
4/15/2020,0.638000011
4/16/2020,0.609000027
4/17/2020,0.653999984
4/20/2020,0.625999987
4/21/2020,0.57099998
4/22/2020,0.619000018
4/23/2020,0.612999976
4/24/2020,0.596000016
4/27/2020,0.656000018
4/28/2020,0.610000014
4/29/2020,0.626999974
4/30/2020,0.621999979
5/1/2020,0.64200002
5/4/2020,0.637000024
5/5/2020,0.657000005
5/6/2020,0.711000025
5/7/2020,0.630999982
5/8/2020,0.681999981
5/11/2020,0.726000011
5/12/2020,0.677999973
5/13/2020,0.648999989
5/14/2020,0.619000018
5/15/2020,0.639999986
5/18/2020,0.744000018
5/19/2020,0.711000025
5/20/2020,0.680000007
5/21/2020,0.676999986
5/22/2020,0.657000005
5/26/2020,0.698000014
5/27/2020,0.680000007
5/28/2020,0.704999983
5/29/2020,0.648000002
6/1/2020,0.662
6/2/2020,0.680000007
6/3/2020,0.760999978
6/4/2020,0.819999993
6/5/2020,0.903999984
6/8/2020,0.884000003
6/9/2020,0.828999996
6/10/2020,0.748000026
6/11/2020,0.652999997
6/12/2020,0.699000001
6/15/2020,0.702000022
6/16/2020,0.755999982
6/17/2020,0.73299998
6/18/2020,0.694000006
6/19/2020,0.697000027
6/22/2020,0.703999996
6/23/2020,0.708999991
6/24/2020,0.684000015
6/25/2020,0.674000025
6/26/2020,0.635999978
6/29/2020,0.635999978
6/30/2020,0.652999997
7/1/2020,0.681999981
7/2/2020,0.66900003
7/6/2020,0.684000015
7/7/2020,0.649999976
7/8/2020,0.652999997
7/9/2020,0.605000019
7/10/2020,0.633000016
7/13/2020,0.639999986
7/14/2020,0.61500001
7/15/2020,0.629999995
7/16/2020,0.611999989
7/17/2020,0.628000021
7/20/2020,0.620000005
7/21/2020,0.606999993
7/22/2020,0.595000029
7/23/2020,0.582000017
7/24/2020,0.588999987
7/27/2020,0.609000027
7/28/2020,0.58099997
7/29/2020,0.578999996
7/30/2020,0.541000009
7/31/2020,0.536000013
8/3/2020,0.563000023
8/4/2020,0.514999986
8/5/2020,0.542999983
8/6/2020,0.536000013
8/7/2020,0.561999977
8/10/2020,0.574000001
8/11/2020,0.657999992
8/12/2020,0.670000017
8/13/2020,0.716000021
8/14/2020,0.708999991
8/17/2020,0.683000028
8/18/2020,0.66900003
8/19/2020,0.675000012
8/20/2020,0.643999994
8/21/2020,0.639999986
8/24/2020,0.646000028
8/25/2020,0.681999981
8/26/2020,0.686999977
8/27/2020,0.745999992
8/28/2020,0.728999972
8/31/2020,0.693000019
9/1/2020,0.671999991
9/2/2020,0.651000023
9/3/2020,0.621999979
9/4/2020,0.721000016
9/8/2020,0.684000015
9/9/2020,0.703000009
9/10/2020,0.685000002
9/11/2020,0.66900003
9/14/2020,0.671000004
9/15/2020,0.67900002
9/16/2020,0.686999977
9/17/2020,0.684000015
9/18/2020,0.694000006
9/21/2020,0.671000004
9/22/2020,0.663999975
9/23/2020,0.675999999
9/24/2020,0.666000009
9/25/2020,0.658999979
9/28/2020,0.662999988
9/29/2020,0.644999981
9/30/2020,0.676999986
10/1/2020,0.676999986
10/2/2020,0.69599998
10/5/2020,0.762000024
10/6/2020,0.741999984
10/7/2020,0.785000026
10/8/2020,0.764999986
10/9/2020,0.774999976
10/12/2020,0.77700001
10/13/2020,0.726999998
10/14/2020,0.722000003
10/15/2020,0.731000006
10/16/2020,0.744000018
10/19/2020,0.760999978
10/20/2020,0.796999991
10/21/2020,0.815999985
10/22/2020,0.84799999
10/23/2020,0.841000021
10/26/2020,0.800999999
10/27/2020,0.777999997
10/28/2020,0.781000018
10/29/2020,0.834999979
10/30/2020,0.860000014
11/2/2020,0.848999977
11/3/2020,0.882000029
11/4/2020,0.768000007
11/5/2020,0.776000023
11/6/2020,0.819999993
11/9/2020,0.958000004
11/10/2020,0.972000003
11/11/2020,0.958000004
11/12/2020,0.88499999
11/13/2020,0.893000007
11/16/2020,0.906000018
11/17/2020,0.871999979
11/18/2020,0.882000029
11/19/2020,0.853999972
11/20/2020,0.828999996
11/23/2020,0.856999993
11/24/2020,0.882000029
11/25/2020,0.878000021
11/27/2020,0.842000008
11/30/2020,0.843999982
12/1/2020,0.934000015
12/2/2020,0.948000014
12/3/2020,0.920000017
12/4/2020,0.968999982
12/7/2020,0.927999973
12/8/2020,0.912999988
12/9/2020,0.940999985
12/10/2020,0.907999992
12/11/2020,0.893000007
12/14/2020,0.89200002
12/15/2020,0.922999978
12/16/2020,0.920000017
12/17/2020,0.930000007
12/18/2020,0.948000014
12/21/2020,0.940999985
12/22/2020,0.917999983
12/23/2020,0.954999983
12/24/2020,0.927999973
12/28/2020,0.933000028
12/29/2020,0.935000002
12/30/2020,0.925999999
12/31/2020,0.916999996
1/4/2021,0.916999996
1/5/2021,0.954999983
1/6/2021,1.042000055
1/7/2021,1.07099998
1/8/2021,1.105000019
1/11/2021,1.131999969
1/12/2021,1.138000011
1/13/2021,1.088000059
1/14/2021,1.128999949
1/15/2021,1.097000003
1/19/2021,1.092000008
1/20/2021,1.090000033
1/21/2021,1.108999968
1/22/2021,1.090999961
1/25/2021,1.039999962
1/26/2021,1.039999962
1/27/2021,1.014000058
1/28/2021,1.057000041
1/29/2021,1.093000054
2/1/2021,1.077000022
2/2/2021,1.105000019
2/3/2021,1.131000042
2/4/2021,1.139000058
2/5/2021,1.169999957
2/8/2021,1.159999967
2/9/2021,1.156999946
2/10/2021,1.133000016
2/11/2021,1.157999992
2/12/2021,1.200000048
2/16/2021,1.299000025
2/17/2021,1.300999999
2/18/2021,1.286999941
2/19/2021,1.345000029
2/22/2021,1.370000005
2/23/2021,1.361999989
2/24/2021,1.389000058
2/25/2021,1.518000007
2/26/2021,1.460000038
3/1/2021,1.44599998
3/2/2021,1.414999962
3/3/2021,1.470000029
3/4/2021,1.549999952
3/5/2021,1.55400002
3/8/2021,1.595999956
3/9/2021,1.546000004
3/10/2021,1.519999981
3/11/2021,1.52699995
3/12/2021,1.63499999
3/15/2021,1.606999993
3/16/2021,1.621000051
3/17/2021,1.641000032
3/18/2021,1.730000019
3/19/2021,1.731999993
3/22/2021,1.684000015
3/23/2021,1.638000011
3/24/2021,1.613999963
3/25/2021,1.613999963
3/26/2021,1.659999967
3/29/2021,1.720999956
3/30/2021,1.725999951
3/31/2021,1.746000051
4/1/2021,1.67900002
4/5/2021,1.720000029
4/6/2021,1.656000018
4/7/2021,1.652999997
4/8/2021,1.631999969
4/9/2021,1.666000009
4/12/2021,1.674999952
4/13/2021,1.623000026
4/14/2021,1.638000011
4/15/2021,1.529999971
4/16/2021,1.572999954
4/19/2021,1.600999951
4/20/2021,1.562000036
4/21/2021,1.56400001
4/22/2021,1.55400002
4/23/2021,1.567000031
4/26/2021,1.570000052
4/27/2021,1.621999979
4/28/2021,1.620000005
4/29/2021,1.639999986
4/30/2021,1.631000042
5/3/2021,1.606999993
5/4/2021,1.592000008
5/5/2021,1.583999991
5/6/2021,1.56099999
5/7/2021,1.577000022
5/10/2021,1.601999998
5/11/2021,1.623999953
5/12/2021,1.695000052
5/13/2021,1.667999983
5/14/2021,1.63499999
5/17/2021,1.639999986
5/18/2021,1.64199996
5/19/2021,1.682999969
5/20/2021,1.633999944
5/21/2021,1.631999969
5/24/2021,1.60800004
5/25/2021,1.56400001
5/26/2021,1.574000001
5/27/2021,1.610000014
5/28/2021,1.58099997
6/1/2021,1.61500001
6/2/2021,1.590999961
6/3/2021,1.625
6/4/2021,1.559999943
6/7/2021,1.569000006
6/8/2021,1.527999997
6/9/2021,1.488999963
6/10/2021,1.458999991
6/11/2021,1.462000012
6/14/2021,1.501000047
6/15/2021,1.498999953
6/16/2021,1.569000006
6/17/2021,1.511000037
6/18/2021,1.450000048
6/21/2021,1.483999968
6/22/2021,1.472000003
6/23/2021,1.486999989
6/24/2021,1.486999989
6/25/2021,1.536000013
6/28/2021,1.478000045
6/29/2021,1.480000019
6/30/2021,1.442999959
7/1/2021,1.480000019
7/2/2021,1.430999994
7/6/2021,1.370000005
7/7/2021,1.32099998
7/8/2021,1.287999988
7/9/2021,1.355999947
7/12/2021,1.363000035
7/13/2021,1.414999962
7/14/2021,1.355999947
7/15/2021,1.297000051
7/16/2021,1.299999952
7/19/2021,1.180999994
7/20/2021,1.208999991
7/21/2021,1.279999971
7/22/2021,1.264999986
7/23/2021,1.286000013
7/26/2021,1.276000023
7/27/2021,1.233999968
7/28/2021,1.261000037
7/29/2021,1.269000053
7/30/2021,1.238999963
8/2/2021,1.174000025
8/3/2021,1.175999999
8/4/2021,1.184000015
8/5/2021,1.217000008
8/6/2021,1.289999962
8/9/2021,1.317000031
8/10/2021,1.342000008
8/11/2021,1.328999996
8/12/2021,1.366999984
8/13/2021,1.297000051
8/16/2021,1.256999969
8/17/2021,1.258000016
8/18/2021,1.273000002
8/19/2021,1.241999984
8/20/2021,1.25999999
8/23/2021,1.254999995
8/24/2021,1.289999962
8/25/2021,1.342000008
8/26/2021,1.342000008
8/27/2021,1.312000036
8/30/2021,1.284999967
8/31/2021,1.30400002
9/1/2021,1.302000046
9/2/2021,1.29400003
9/3/2021,1.322000027
9/7/2021,1.370000005
9/8/2021,1.333999991
9/9/2021,1.299000025
9/10/2021,1.340999961
9/13/2021,1.324000001
9/14/2021,1.27699995
9/15/2021,1.30400002
9/16/2021,1.33099997
9/17/2021,1.370000005
9/20/2021,1.309000015
9/21/2021,1.324000001
9/22/2021,1.335999966
9/23/2021,1.409999967
9/24/2021,1.460000038
9/27/2021,1.483999968
9/28/2021,1.534000039
9/29/2021,1.541000009
9/30/2021,1.529000044
10/1/2021,1.478999972
10/4/2021,1.480999947
10/5/2021,1.529000044
10/6/2021,1.524000049
10/7/2021,1.57099998
10/8/2021,1.605000019
10/11/2021,1.613999963
10/12/2021,1.580000043
10/13/2021,1.549000025
10/14/2021,1.519000053
10/15/2021,1.575999975
10/18/2021,1.583999991
10/19/2021,1.63499999
10/20/2021,1.636000037
10/21/2021,1.675999999
10/22/2021,1.654999971
10/25/2021,1.63499999
10/26/2021,1.618999958
10/27/2021,1.529000044
10/28/2021,1.567999959
10/29/2021,1.557000041
11/1/2021,1.575000048
11/2/2021,1.549000025
11/3/2021,1.578999996
11/4/2021,1.524000049
11/5/2021,1.452999949
11/8/2021,1.496999979
11/9/2021,1.432000041
11/10/2021,1.559999943
11/11/2021,1.559999943
11/12/2021,1.582000017
11/15/2021,1.623000026
11/16/2021,1.633999944
11/17/2021,1.603999972
11/18/2021,1.588999987
11/19/2021,1.536000013
11/22/2021,1.625
11/23/2021,1.667000055
11/24/2021,1.644999981
11/26/2021,1.481999993
11/29/2021,1.529999971
11/30/2021,1.442999959
12/1/2021,1.434000015
12/2/2021,1.447999954
12/3/2021,1.343000054
12/6/2021,1.434000015
12/7/2021,1.480000019
12/8/2021,1.508999944
12/9/2021,1.486999989
12/10/2021,1.488999963
12/13/2021,1.424000025
12/14/2021,1.437999964
12/15/2021,1.463000059
12/16/2021,1.422000051
12/17/2021,1.40199995
12/20/2021,1.41900003
12/21/2021,1.486999989
12/22/2021,1.457000017
12/23/2021,1.493000031
12/27/2021,1.480999947
12/28/2021,1.480999947
12/29/2021,1.542999983
12/30/2021,1.514999986
12/31/2021,1.511999965
1/3/2022,1.628000021
1/4/2022,1.667999983
1/5/2022,1.705000043
1/6/2022,1.73300004
1/7/2022,1.771000028
1/10/2022,1.779999971
1/11/2022,1.746000051
1/12/2022,1.725000024
1/13/2022,1.710999966
1/14/2022,1.771999955
1/18/2022,1.86500001
1/19/2022,1.827000022
1/20/2022,1.832999945
1/21/2022,1.746999979
1/24/2022,1.735000014
1/25/2022,1.782999992
1/26/2022,1.84800005
1/27/2022,1.807000041
1/28/2022,1.781999946
1/31/2022,1.781999946
2/1/2022,1.799999952
2/2/2022,1.766000032
2/3/2022,1.827000022
2/4/2022,1.929999948
2/7/2022,1.916000009
2/8/2022,1.953999996
2/9/2022,1.92900002
2/10/2022,2.030999899
2/11/2022,1.955000043
2/14/2022,1.996000051
2/15/2022,2.045000076
2/16/2022,2.046999931
2/17/2022,1.972000003
2/18/2022,1.932000041
2/22/2022,1.947999954
2/23/2022,1.976999998
2/24/2022,1.968999982
2/25/2022,1.985999942
2/28/2022,1.838999987
3/1/2022,1.707000017
3/2/2022,1.86500001
3/3/2022,1.843999982
3/4/2022,1.723999977
3/7/2022,1.751000047
3/8/2022,1.871999979
3/9/2022,1.947999954
3/10/2022,2.010999918
3/11/2022,2.003999949
3/14/2022,2.140000105
3/15/2022,2.160000086
3/16/2022,2.187999964
3/17/2022,2.191999912
3/18/2022,2.148000002
3/21/2022,2.315000057
3/22/2022,2.372999907
3/23/2022,2.321000099
3/24/2022,2.34100008
3/25/2022,2.492000103
3/28/2022,2.476999998
3/29/2022,2.400000095
3/30/2022,2.35800004
3/31/2022,2.326999903
4/1/2022,2.377000093
4/4/2022,2.411999941
4/5/2022,2.555999994
4/6/2022,2.608999968
4/7/2022,2.65199995
4/8/2022,2.713000059
4/11/2022,2.779999971
4/12/2022,2.724999905
4/13/2022,2.687000036
4/14/2022,2.828000069
4/18/2022,2.861999989
4/19/2022,2.913000107
4/20/2022,2.839999914
4/21/2022,2.917000055
4/22/2022,2.905999899
4/25/2022,2.825999975
4/26/2022,2.772000074
4/27/2022,2.818000078
4/28/2022,2.862999916
4/29/2022,2.887000084
5/2/2022,2.996000051
5/3/2022,2.960000038
5/4/2022,2.917000055
5/5/2022,3.082000017
