Date,snp
9/17/2014,2001.569946
9/18/2014,2011.359985
9/19/2014,2010.400024
9/22/2014,1994.290039
9/23/2014,1982.77002
9/24/2014,1998.300049
9/25/2014,1965.98999
9/26/2014,1982.849976
9/29/2014,1977.800049
9/30/2014,1972.290039
10/1/2014,1946.160034
10/2/2014,1946.170044
10/3/2014,1967.900024
10/6/2014,1964.819946
10/7/2014,1935.099976
10/8/2014,1968.890015
10/9/2014,1928.209961
10/10/2014,1906.130005
10/13/2014,1874.73999
10/14/2014,1877.699951
10/15/2014,1862.48999
10/16/2014,1862.76001
10/17/2014,1886.76001
10/20/2014,1904.01001
10/21/2014,1941.280029
10/22/2014,1927.109985
10/23/2014,1950.819946
10/24/2014,1964.579956
10/27/2014,1961.630005
10/28/2014,1985.050049
10/29/2014,1982.300049
10/30/2014,1994.650024
10/31/2014,2018.050049
11/3/2014,2017.810059
11/4/2014,2012.099976
11/5/2014,2023.569946
11/6/2014,2031.209961
11/7/2014,2031.920044
11/10/2014,2038.26001
11/11/2014,2039.680054
11/12/2014,2038.25
11/13/2014,2039.329956
11/14/2014,2039.819946
11/17/2014,2041.319946
11/18/2014,2051.800049
11/19/2014,2048.719971
11/20/2014,2052.75
11/21/2014,2063.5
11/24/2014,2069.409912
11/25/2014,2067.030029
11/26/2014,2072.830078
11/28/2014,2067.560059
12/1/2014,2053.439941
12/2/2014,2066.550049
12/3/2014,2074.330078
12/4/2014,2071.919922
12/5/2014,2075.370117
12/8/2014,2060.310059
12/9/2014,2059.820068
12/10/2014,2026.140015
12/11/2014,2035.329956
12/12/2014,2002.329956
12/15/2014,1989.630005
12/16/2014,1972.73999
12/17/2014,2012.890015
12/18/2014,2061.22998
12/19/2014,2070.649902
12/22/2014,2078.540039
12/23/2014,2082.169922
12/24/2014,2081.879883
12/26/2014,2088.77002
12/29/2014,2090.570068
12/30/2014,2080.350098
12/31/2014,2058.899902
1/2/2015,2058.199951
1/5/2015,2020.579956
1/6/2015,2002.609985
1/7/2015,2025.900024
1/8/2015,2062.139893
1/9/2015,2044.810059
1/12/2015,2028.26001
1/13/2015,2023.030029
1/14/2015,2011.27002
1/15/2015,1992.670044
1/16/2015,2019.420044
1/20/2015,2022.550049
1/21/2015,2032.119995
1/22/2015,2063.149902
1/23/2015,2051.820068
1/26/2015,2057.090088
1/27/2015,2029.550049
1/28/2015,2002.160034
1/29/2015,2021.25
1/30/2015,1994.98999
2/2/2015,2020.849976
2/3/2015,2050.030029
2/4/2015,2041.51001
2/5/2015,2062.52002
2/6/2015,2055.469971
2/9/2015,2046.73999
2/10/2015,2068.590088
2/11/2015,2068.530029
2/12/2015,2088.47998
2/13/2015,2096.98999
2/17/2015,2100.340088
2/18/2015,2099.679932
2/19/2015,2097.449951
2/20/2015,2110.300049
2/23/2015,2109.659912
2/24/2015,2115.47998
2/25/2015,2113.860107
2/26/2015,2110.73999
2/27/2015,2104.5
3/2/2015,2117.389893
3/3/2015,2107.780029
3/4/2015,2098.530029
3/5/2015,2101.040039
3/6/2015,2071.26001
3/9/2015,2079.429932
3/10/2015,2044.160034
3/11/2015,2040.23999
3/12/2015,2065.949951
3/13/2015,2053.399902
3/16/2015,2081.189941
3/17/2015,2074.280029
3/18/2015,2099.5
3/19/2015,2089.27002
3/20/2015,2108.100098
3/23/2015,2104.419922
3/24/2015,2091.5
3/25/2015,2061.050049
3/26/2015,2056.149902
3/27/2015,2061.02002
3/30/2015,2086.23999
3/31/2015,2067.889893
4/1/2015,2059.689941
4/2/2015,2066.959961
4/6/2015,2080.620117
4/7/2015,2076.330078
4/8/2015,2081.899902
4/9/2015,2091.179932
4/10/2015,2102.060059
4/13/2015,2092.429932
4/14/2015,2095.840088
4/15/2015,2106.629883
4/16/2015,2104.98999
4/17/2015,2081.179932
4/20/2015,2100.399902
4/21/2015,2097.290039
4/22/2015,2107.959961
4/23/2015,2112.929932
4/24/2015,2117.689941
4/27/2015,2108.919922
4/28/2015,2114.76001
4/29/2015,2106.850098
4/30/2015,2085.51001
5/1/2015,2108.290039
5/4/2015,2114.48999
5/5/2015,2089.459961
5/6/2015,2080.149902
5/7/2015,2088.0
5/8/2015,2116.100098
5/11/2015,2105.330078
5/12/2015,2099.120117
5/13/2015,2098.47998
5/14/2015,2121.100098
5/15/2015,2122.72998
5/18/2015,2129.199951
5/19/2015,2127.830078
5/20/2015,2125.850098
5/21/2015,2130.820068
5/22/2015,2126.060059
5/26/2015,2104.199951
5/27/2015,2123.47998
5/28/2015,2120.790039
5/29/2015,2107.389893
6/1/2015,2111.72998
6/2/2015,2109.600098
6/3/2015,2114.070068
6/4/2015,2095.840088
6/5/2015,2092.830078
6/8/2015,2079.280029
6/9/2015,2080.149902
6/10/2015,2105.199951
6/11/2015,2108.860107
6/12/2015,2094.110107
6/15/2015,2084.429932
6/16/2015,2096.290039
6/17/2015,2100.439941
6/18/2015,2121.23999
6/19/2015,2109.98999
6/22/2015,2122.850098
6/23/2015,2124.199951
6/24/2015,2108.580078
6/25/2015,2102.310059
6/26/2015,2101.48999
6/29/2015,2057.639893
6/30/2015,2063.110107
7/1/2015,2077.419922
7/2/2015,2076.780029
7/6/2015,2068.76001
7/7/2015,2081.340088
7/8/2015,2046.680054
7/9/2015,2051.310059
7/10/2015,2076.620117
7/13/2015,2099.600098
7/14/2015,2108.949951
7/15/2015,2107.399902
7/16/2015,2124.290039
7/17/2015,2126.639893
7/20/2015,2128.280029
7/21/2015,2119.209961
7/22/2015,2114.149902
7/23/2015,2102.149902
7/24/2015,2079.649902
7/27/2015,2067.639893
7/28/2015,2093.25
7/29/2015,2108.570068
7/30/2015,2108.629883
7/31/2015,2103.840088
8/3/2015,2098.040039
8/4/2015,2093.320068
8/5/2015,2099.840088
8/6/2015,2083.560059
8/7/2015,2077.570068
8/10/2015,2104.179932
8/11/2015,2084.070068
8/12/2015,2086.050049
8/13/2015,2083.389893
8/14/2015,2091.540039
8/17/2015,2102.439941
8/18/2015,2096.919922
8/19/2015,2079.610107
8/20/2015,2035.72998
8/21/2015,1970.890015
8/24/2015,1893.209961
8/25/2015,1867.609985
8/26/2015,1940.51001
8/27/2015,1987.660034
8/28/2015,1988.869995
8/31/2015,1972.180054
9/1/2015,1913.849976
9/2/2015,1948.859985
9/3/2015,1951.130005
9/4/2015,1921.219971
9/8/2015,1969.410034
9/9/2015,1942.040039
9/10/2015,1952.290039
9/11/2015,1961.050049
9/14/2015,1953.030029
9/15/2015,1978.089966
9/16/2015,1995.310059
9/17/2015,1990.199951
9/18/2015,1958.030029
9/21/2015,1966.969971
9/22/2015,1942.73999
9/23/2015,1938.76001
9/24/2015,1932.23999
9/25/2015,1931.339966
9/28/2015,1881.77002
9/29/2015,1884.089966
9/30/2015,1920.030029
10/1/2015,1923.819946
10/2/2015,1951.359985
10/5/2015,1987.050049
10/6/2015,1979.920044
10/7/2015,1995.829956
10/8/2015,2013.430054
10/9/2015,2014.890015
10/12/2015,2017.459961
10/13/2015,2003.689941
10/14/2015,1994.23999
10/15/2015,2023.859985
10/16/2015,2033.109985
10/19/2015,2033.660034
10/20/2015,2030.77002
10/21/2015,2018.939941
10/22/2015,2052.51001
10/23/2015,2075.149902
10/26/2015,2071.179932
10/27/2015,2065.889893
10/28/2015,2090.350098
10/29/2015,2089.409912
10/30/2015,2079.360107
11/2/2015,2104.050049
11/3/2015,2109.790039
11/4/2015,2102.310059
11/5/2015,2099.929932
11/6/2015,2099.199951
11/9/2015,2078.580078
11/10/2015,2081.719971
11/11/2015,2075.0
11/12/2015,2045.969971
11/13/2015,2023.040039
11/16/2015,2053.189941
11/17/2015,2050.439941
11/18/2015,2083.580078
11/19/2015,2081.23999
11/20/2015,2089.169922
11/23/2015,2086.590088
11/24/2015,2089.139893
11/25/2015,2088.870117
11/27/2015,2090.110107
11/30/2015,2080.409912
12/1/2015,2102.629883
12/2/2015,2079.51001
12/3/2015,2049.620117
12/4/2015,2091.689941
12/7/2015,2077.070068
12/8/2015,2063.590088
12/9/2015,2047.619995
12/10/2015,2052.22998
12/11/2015,2012.369995
12/14/2015,2021.939941
12/15/2015,2043.410034
12/16/2015,2073.070068
12/17/2015,2041.890015
12/18/2015,2005.550049
12/21/2015,2021.150024
12/22/2015,2038.969971
12/23/2015,2064.290039
12/24/2015,2060.98999
12/28/2015,2056.5
12/29/2015,2078.360107
12/30/2015,2063.360107
12/31/2015,2043.939941
1/4/2016,2012.660034
1/5/2016,2016.709961
1/6/2016,1990.26001
1/7/2016,1943.089966
1/8/2016,1922.030029
1/11/2016,1923.670044
1/12/2016,1938.680054
1/13/2016,1890.280029
1/14/2016,1921.839966
1/15/2016,1880.329956
1/19/2016,1881.329956
1/20/2016,1859.329956
1/21/2016,1868.98999
1/22/2016,1906.900024
1/25/2016,1877.079956
1/26/2016,1903.630005
1/27/2016,1882.949951
1/28/2016,1893.359985
1/29/2016,1940.23999
2/1/2016,1939.380005
2/2/2016,1903.030029
2/3/2016,1912.530029
2/4/2016,1915.449951
2/5/2016,1880.050049
2/8/2016,1853.439941
2/9/2016,1852.209961
2/10/2016,1851.859985
2/11/2016,1829.079956
2/12/2016,1864.780029
2/16/2016,1895.579956
2/17/2016,1926.819946
2/18/2016,1917.829956
2/19/2016,1917.780029
2/22/2016,1945.5
2/23/2016,1921.27002
2/24/2016,1929.800049
2/25/2016,1951.699951
2/26/2016,1948.050049
2/29/2016,1932.22998
3/1/2016,1978.349976
3/2/2016,1986.449951
3/3/2016,1993.400024
3/4/2016,1999.98999
3/7/2016,2001.76001
3/8/2016,1979.26001
3/9/2016,1989.26001
3/10/2016,1989.569946
3/11/2016,2022.189941
3/14/2016,2019.640015
3/15/2016,2015.930054
3/16/2016,2027.219971
3/17/2016,2040.589966
3/18/2016,2049.580078
3/21/2016,2051.600098
3/22/2016,2049.800049
3/23/2016,2036.709961
3/24/2016,2035.939941
3/28/2016,2037.050049
3/29/2016,2055.01001
3/30/2016,2063.949951
3/31/2016,2059.73999
4/1/2016,2072.780029
4/4/2016,2066.129883
4/5/2016,2045.170044
4/6/2016,2066.659912
4/7/2016,2041.910034
4/8/2016,2047.599976
4/11/2016,2041.98999
4/12/2016,2061.719971
4/13/2016,2082.419922
4/14/2016,2082.780029
4/15/2016,2080.72998
4/18/2016,2094.340088
4/19/2016,2100.800049
4/20/2016,2102.399902
4/21/2016,2091.47998
4/22/2016,2091.580078
4/25/2016,2087.790039
4/26/2016,2091.699951
4/27/2016,2095.149902
4/28/2016,2075.810059
4/29/2016,2065.300049
5/2/2016,2081.429932
5/3/2016,2063.370117
5/4/2016,2051.120117
5/5/2016,2050.629883
5/6/2016,2057.139893
5/9/2016,2058.689941
5/10/2016,2084.389893
5/11/2016,2064.459961
5/12/2016,2064.110107
5/13/2016,2046.609985
5/16/2016,2066.659912
5/17/2016,2047.209961
5/18/2016,2047.630005
5/19/2016,2040.040039
5/20/2016,2052.320068
5/23/2016,2048.040039
5/24/2016,2076.060059
5/25/2016,2090.540039
5/26/2016,2090.100098
5/27/2016,2099.060059
5/31/2016,2096.949951
6/1/2016,2099.330078
6/2/2016,2105.26001
6/3/2016,2099.129883
6/6/2016,2109.409912
6/7/2016,2112.129883
6/8/2016,2119.120117
6/9/2016,2115.47998
6/10/2016,2096.070068
6/13/2016,2079.060059
6/14/2016,2075.320068
6/15/2016,2071.5
6/16/2016,2077.98999
6/17/2016,2071.219971
6/20/2016,2083.25
6/21/2016,2088.899902
6/22/2016,2085.449951
6/23/2016,2113.320068
6/24/2016,2037.410034
6/27/2016,2000.540039
6/28/2016,2036.089966
6/29/2016,2070.77002
6/30/2016,2098.860107
7/1/2016,2102.949951
7/5/2016,2088.550049
7/6/2016,2099.72998
7/7/2016,2097.899902
7/8/2016,2129.899902
7/11/2016,2137.159912
7/12/2016,2152.139893
7/13/2016,2152.429932
7/14/2016,2163.75
7/15/2016,2161.73999
7/18/2016,2166.889893
7/19/2016,2163.780029
7/20/2016,2173.02002
7/21/2016,2165.169922
7/22/2016,2175.030029
7/25/2016,2168.47998
7/26/2016,2169.179932
7/27/2016,2166.580078
7/28/2016,2170.060059
7/29/2016,2173.600098
8/1/2016,2170.840088
8/2/2016,2157.030029
8/3/2016,2163.790039
8/4/2016,2164.25
8/5/2016,2182.870117
8/8/2016,2180.889893
8/9/2016,2181.73999
8/10/2016,2175.48999
8/11/2016,2185.790039
8/12/2016,2184.050049
8/15/2016,2190.149902
8/16/2016,2178.149902
8/17/2016,2182.219971
8/18/2016,2187.02002
8/19/2016,2183.870117
8/22/2016,2182.639893
8/23/2016,2186.899902
8/24/2016,2175.439941
8/25/2016,2172.469971
8/26/2016,2169.040039
8/29/2016,2180.379883
8/30/2016,2176.120117
8/31/2016,2170.949951
9/1/2016,2170.860107
9/2/2016,2179.97998
9/6/2016,2186.47998
9/7/2016,2186.159912
9/8/2016,2181.300049
9/9/2016,2127.810059
9/12/2016,2159.040039
9/13/2016,2127.02002
9/14/2016,2125.77002
9/15/2016,2147.26001
9/16/2016,2139.159912
9/19/2016,2139.120117
9/20/2016,2139.76001
9/21/2016,2163.120117
9/22/2016,2177.179932
9/23/2016,2164.689941
9/26/2016,2146.100098
9/27/2016,2159.929932
9/28/2016,2171.370117
9/29/2016,2151.129883
9/30/2016,2168.27002
10/3/2016,2161.199951
10/4/2016,2150.48999
10/5/2016,2159.72998
10/6/2016,2160.77002
10/7/2016,2153.73999
10/11/2016,2136.72998
10/12/2016,2139.179932
10/13/2016,2132.550049
10/14/2016,2132.97998
10/17/2016,2126.5
10/18/2016,2139.600098
10/19/2016,2144.290039
10/20/2016,2141.340088
10/21/2016,2141.159912
10/24/2016,2151.330078
10/25/2016,2143.159912
10/26/2016,2139.429932
10/27/2016,2133.040039
10/28/2016,2126.409912
10/31/2016,2126.149902
11/1/2016,2111.719971
11/2/2016,2097.939941
11/3/2016,2088.659912
11/4/2016,2085.179932
11/7/2016,2131.52002
11/8/2016,2139.560059
11/9/2016,2163.26001
11/10/2016,2167.47998
11/14/2016,2164.199951
11/15/2016,2180.389893
11/16/2016,2176.939941
11/17/2016,2187.120117
11/18/2016,2181.899902
11/21/2016,2198.179932
11/22/2016,2202.939941
11/23/2016,2204.719971
11/25/2016,2213.350098
11/28/2016,2201.719971
11/29/2016,2204.659912
11/30/2016,2198.810059
12/1/2016,2191.080078
12/2/2016,2191.949951
12/5/2016,2204.709961
12/6/2016,2212.22998
12/7/2016,2241.350098
12/8/2016,2246.189941
12/9/2016,2259.530029
12/12/2016,2256.959961
12/13/2016,2271.719971
12/14/2016,2253.280029
12/15/2016,2262.030029
12/16/2016,2258.070068
12/19/2016,2262.530029
12/20/2016,2270.76001
12/21/2016,2265.179932
12/22/2016,2260.959961
12/23/2016,2263.790039
12/27/2016,2268.879883
12/28/2016,2249.919922
12/29/2016,2249.26001
12/30/2016,2238.830078
1/3/2017,2257.830078
1/4/2017,2270.75
1/5/2017,2269.0
1/6/2017,2276.97998
1/9/2017,2268.899902
1/10/2017,2268.899902
1/11/2017,2275.320068
1/12/2017,2270.439941
1/13/2017,2274.639893
1/17/2017,2267.889893
1/18/2017,2271.889893
1/19/2017,2263.689941
1/20/2017,2271.310059
1/23/2017,2265.199951
1/24/2017,2280.070068
1/25/2017,2298.370117
1/26/2017,2296.679932
1/27/2017,2294.689941
1/30/2017,2280.899902
1/31/2017,2278.870117
2/1/2017,2279.550049
2/2/2017,2280.850098
2/3/2017,2297.419922
2/6/2017,2292.560059
2/7/2017,2293.080078
2/8/2017,2294.669922
2/9/2017,2307.870117
2/10/2017,2316.100098
2/13/2017,2328.25
2/14/2017,2337.580078
2/15/2017,2349.25
2/16/2017,2347.219971
2/17/2017,2351.159912
2/21/2017,2365.379883
2/22/2017,2362.820068
2/23/2017,2363.810059
2/24/2017,2367.340088
2/27/2017,2369.75
2/28/2017,2363.639893
3/1/2017,2395.959961
3/2/2017,2381.919922
3/3/2017,2383.120117
3/6/2017,2375.310059
3/7/2017,2368.389893
3/8/2017,2362.97998
3/9/2017,2364.870117
3/10/2017,2372.600098
3/13/2017,2373.469971
3/14/2017,2365.449951
3/15/2017,2385.26001
3/16/2017,2381.379883
3/17/2017,2378.25
3/20/2017,2373.469971
3/21/2017,2344.02002
3/22/2017,2348.449951
3/23/2017,2345.959961
3/24/2017,2343.97998
3/27/2017,2341.590088
3/28/2017,2358.570068
3/29/2017,2361.129883
3/30/2017,2368.060059
3/31/2017,2362.719971
4/3/2017,2358.840088
4/4/2017,2360.159912
4/5/2017,2352.949951
4/6/2017,2357.48999
4/7/2017,2355.540039
4/10/2017,2357.159912
4/11/2017,2353.780029
4/12/2017,2344.929932
4/13/2017,2328.949951
4/17/2017,2349.01001
4/18/2017,2342.189941
4/19/2017,2338.169922
4/20/2017,2355.840088
4/21/2017,2348.689941
4/24/2017,2374.149902
4/25/2017,2388.610107
4/26/2017,2387.449951
4/27/2017,2388.77002
4/28/2017,2384.199951
5/1/2017,2388.330078
5/2/2017,2391.169922
5/3/2017,2388.129883
5/4/2017,2389.52002
5/5/2017,2399.290039
5/8/2017,2399.379883
5/9/2017,2396.919922
5/10/2017,2399.629883
5/11/2017,2394.439941
5/12/2017,2390.899902
5/15/2017,2402.320068
5/16/2017,2400.669922
5/17/2017,2357.030029
5/18/2017,2365.719971
5/19/2017,2381.72998
5/22/2017,2394.02002
5/23/2017,2398.419922
5/24/2017,2404.389893
5/25/2017,2415.070068
5/26/2017,2415.820068
5/30/2017,2412.909912
5/31/2017,2411.800049
6/1/2017,2430.060059
6/2/2017,2439.070068
6/5/2017,2436.100098
6/6/2017,2429.330078
6/7/2017,2433.139893
6/8/2017,2433.790039
6/9/2017,2431.77002
6/12/2017,2429.389893
6/13/2017,2440.350098
6/14/2017,2437.919922
6/15/2017,2432.459961
6/16/2017,2433.149902
6/19/2017,2453.459961
6/20/2017,2437.030029
6/21/2017,2435.610107
6/22/2017,2434.5
6/23/2017,2438.300049
6/26/2017,2439.070068
6/27/2017,2419.379883
6/28/2017,2440.689941
6/29/2017,2419.699951
6/30/2017,2423.409912
7/3/2017,2429.01001
7/5/2017,2432.540039
7/6/2017,2409.75
7/7/2017,2425.179932
7/10/2017,2427.429932
7/11/2017,2425.530029
7/12/2017,2443.25
7/13/2017,2447.830078
7/14/2017,2459.27002
7/17/2017,2459.139893
7/18/2017,2460.610107
7/19/2017,2473.830078
7/20/2017,2473.449951
7/21/2017,2472.540039
7/24/2017,2469.909912
7/25/2017,2477.129883
7/26/2017,2477.830078
7/27/2017,2475.419922
7/28/2017,2472.100098
7/31/2017,2470.300049
8/1/2017,2476.350098
8/2/2017,2477.570068
8/3/2017,2472.159912
8/4/2017,2476.830078
8/7/2017,2480.909912
8/8/2017,2474.919922
8/9/2017,2474.02002
8/10/2017,2438.209961
8/11/2017,2441.320068
8/14/2017,2465.840088
8/15/2017,2464.610107
8/16/2017,2468.110107
8/17/2017,2430.01001
8/18/2017,2425.550049
8/21/2017,2428.370117
8/22/2017,2452.51001
8/23/2017,2444.040039
8/24/2017,2438.969971
8/25/2017,2443.050049
8/28/2017,2444.23999
8/29/2017,2446.300049
8/30/2017,2457.590088
8/31/2017,2471.649902
9/1/2017,2476.550049
9/5/2017,2457.850098
9/6/2017,2465.540039
9/7/2017,2465.100098
9/8/2017,2461.429932
9/11/2017,2488.110107
9/12/2017,2496.47998
9/13/2017,2498.370117
9/14/2017,2495.620117
9/15/2017,2500.22998
9/18/2017,2503.870117
9/19/2017,2506.649902
9/20/2017,2508.23999
9/21/2017,2500.600098
9/22/2017,2502.219971
9/25/2017,2496.659912
9/26/2017,2496.840088
9/27/2017,2507.040039
9/28/2017,2510.060059
9/29/2017,2519.360107
10/2/2017,2529.120117
10/3/2017,2534.580078
10/4/2017,2537.73999
10/5/2017,2552.070068
10/6/2017,2549.330078
10/9/2017,2544.72998
10/10/2017,2550.639893
10/11/2017,2555.23999
10/12/2017,2550.929932
10/13/2017,2553.169922
10/16/2017,2557.639893
10/17/2017,2559.360107
10/18/2017,2561.26001
10/19/2017,2562.100098
10/20/2017,2575.209961
10/23/2017,2564.97998
10/24/2017,2569.129883
10/25/2017,2557.149902
10/26/2017,2560.399902
10/27/2017,2581.070068
10/30/2017,2572.830078
10/31/2017,2575.26001
11/1/2017,2579.360107
11/2/2017,2579.850098
11/3/2017,2587.840088
11/6/2017,2591.129883
11/7/2017,2590.639893
11/8/2017,2594.379883
11/9/2017,2584.620117
11/10/2017,2582.300049
11/13/2017,2584.840088
11/14/2017,2578.870117
11/15/2017,2564.620117
11/16/2017,2585.639893
11/17/2017,2578.850098
11/20/2017,2582.139893
11/21/2017,2599.030029
11/22/2017,2597.080078
11/24/2017,2602.419922
11/27/2017,2601.419922
11/28/2017,2627.040039
11/29/2017,2626.070068
11/30/2017,2647.580078
12/1/2017,2642.219971
12/4/2017,2639.439941
12/5/2017,2629.570068
12/6/2017,2629.27002
12/7/2017,2636.97998
12/8/2017,2651.5
12/11/2017,2659.98999
12/12/2017,2664.110107
12/13/2017,2662.850098
12/14/2017,2652.01001
12/15/2017,2675.810059
12/18/2017,2690.159912
12/19/2017,2681.469971
12/20/2017,2679.25
12/21/2017,2684.570068
12/22/2017,2683.340088
12/26/2017,2680.5
12/27/2017,2682.620117
12/28/2017,2687.540039
12/29/2017,2673.610107
1/2/2018,2695.810059
1/3/2018,2713.060059
1/4/2018,2723.98999
1/5/2018,2743.149902
1/8/2018,2747.709961
1/9/2018,2751.290039
1/10/2018,2748.22998
1/11/2018,2767.560059
1/12/2018,2786.23999
1/16/2018,2776.419922
1/17/2018,2802.560059
1/18/2018,2798.030029
1/19/2018,2810.300049
1/22/2018,2832.969971
1/23/2018,2839.129883
1/24/2018,2837.540039
1/25/2018,2839.25
1/26/2018,2872.870117
1/30/2018,2822.429932
1/31/2018,2823.810059
2/1/2018,2821.97998
2/2/2018,2762.129883
2/5/2018,2648.939941
2/6/2018,2695.139893
2/7/2018,2681.659912
2/8/2018,2581.0
2/9/2018,2619.550049
2/12/2018,2656.0
2/13/2018,2662.939941
2/14/2018,2698.629883
2/15/2018,2731.199951
2/16/2018,2732.219971
2/20/2018,2716.26001
2/21/2018,2701.330078
2/22/2018,2703.959961
2/23/2018,2747.300049
2/26/2018,2779.600098
2/27/2018,2744.280029
2/28/2018,2713.830078
3/1/2018,2677.669922
3/2/2018,2691.25
3/5/2018,2720.939941
3/6/2018,2728.120117
3/7/2018,2726.800049
3/8/2018,2738.969971
3/9/2018,2786.570068
3/12/2018,2783.02002
3/13/2018,2765.310059
3/14/2018,2749.47998
3/15/2018,2747.330078
3/16/2018,2752.01001
3/19/2018,2712.919922
3/20/2018,2716.939941
3/21/2018,2711.929932
3/22/2018,2643.689941
3/23/2018,2588.26001
3/26/2018,2658.550049
3/27/2018,2612.620117
3/28/2018,2605.0
3/29/2018,2640.870117
4/2/2018,2581.879883
4/3/2018,2614.449951
4/4/2018,2644.689941
4/5/2018,2662.840088
4/6/2018,2604.469971
4/9/2018,2613.159912
4/10/2018,2656.870117
4/11/2018,2642.189941
4/12/2018,2663.98999
4/13/2018,2656.300049
4/16/2018,2677.840088
4/17/2018,2706.389893
4/18/2018,2708.639893
4/19/2018,2693.129883
4/20/2018,2670.139893
4/23/2018,2670.290039
4/24/2018,2634.560059
4/25/2018,2639.399902
4/26/2018,2666.939941
4/27/2018,2669.909912
4/30/2018,2648.050049
5/1/2018,2654.800049
5/2/2018,2635.669922
5/3/2018,2629.72998
5/4/2018,2663.419922
5/7/2018,2672.629883
5/8/2018,2671.919922
5/9/2018,2697.790039
5/10/2018,2723.070068
5/11/2018,2727.719971
5/14/2018,2730.129883
5/15/2018,2711.449951
5/16/2018,2722.459961
5/17/2018,2720.129883
5/18/2018,2712.969971
5/21/2018,2733.01001
5/22/2018,2724.439941
5/23/2018,2733.290039
5/24/2018,2727.76001
5/25/2018,2721.330078
5/29/2018,2689.860107
5/30/2018,2724.01001
5/31/2018,2705.27002
6/1/2018,2734.620117
6/4/2018,2746.870117
6/5/2018,2748.800049
6/6/2018,2772.350098
6/7/2018,2770.370117
6/8/2018,2779.030029
6/11/2018,2782.0
6/12/2018,2786.850098
6/13/2018,2775.629883
6/14/2018,2782.48999
6/15/2018,2779.659912
6/18/2018,2773.75
6/19/2018,2762.590088
6/20/2018,2767.320068
6/21/2018,2749.76001
6/22/2018,2754.879883
6/25/2018,2717.070068
6/26/2018,2723.060059
6/27/2018,2699.629883
6/28/2018,2716.310059
6/29/2018,2718.370117
7/2/2018,2726.709961
7/3/2018,2713.219971
7/5/2018,2736.610107
7/6/2018,2759.820068
7/9/2018,2784.169922
7/10/2018,2793.840088
7/11/2018,2774.02002
7/12/2018,2798.290039
7/13/2018,2801.310059
7/16/2018,2798.429932
7/17/2018,2809.550049
7/18/2018,2815.620117
7/19/2018,2804.48999
7/20/2018,2801.830078
7/23/2018,2806.97998
7/24/2018,2820.399902
7/25/2018,2846.070068
7/26/2018,2837.439941
7/27/2018,2818.820068
7/30/2018,2802.600098
7/31/2018,2816.290039
8/1/2018,2813.360107
8/2/2018,2827.219971
8/3/2018,2840.350098
8/6/2018,2850.399902
8/7/2018,2858.449951
8/8/2018,2857.699951
8/9/2018,2853.580078
8/10/2018,2833.280029
8/13/2018,2821.929932
8/14/2018,2839.959961
8/15/2018,2818.370117
8/16/2018,2840.689941
8/17/2018,2850.129883
8/20/2018,2857.050049
8/21/2018,2862.959961
8/22/2018,2861.820068
8/23/2018,2856.97998
8/24/2018,2874.689941
8/27/2018,2896.73999
8/28/2018,2897.52002
8/29/2018,2914.040039
8/30/2018,2901.129883
8/31/2018,2901.52002
9/4/2018,2896.719971
9/5/2018,2888.600098
9/6/2018,2878.050049
9/7/2018,2871.679932
9/10/2018,2877.129883
9/11/2018,2887.889893
9/12/2018,2888.919922
9/13/2018,2904.179932
9/14/2018,2904.97998
9/17/2018,2888.800049
9/18/2018,2904.310059
9/19/2018,2907.949951
9/20/2018,2930.75
9/21/2018,2929.669922
9/24/2018,2919.370117
9/25/2018,2915.560059
9/26/2018,2905.969971
9/27/2018,2914.0
9/28/2018,2913.97998
10/1/2018,2924.590088
10/2/2018,2923.429932
10/3/2018,2925.51001
10/4/2018,2901.610107
10/5/2018,2885.570068
10/8/2018,2884.429932
10/9/2018,2880.340088
10/10/2018,2785.679932
10/11/2018,2728.370117
10/12/2018,2767.129883
10/15/2018,2750.790039
10/16/2018,2809.919922
10/17/2018,2809.209961
10/18/2018,2768.780029
10/19/2018,2767.780029
10/22/2018,2755.879883
10/23/2018,2740.689941
10/24/2018,2656.100098
10/25/2018,2705.570068
10/26/2018,2658.689941
10/29/2018,2641.25
10/30/2018,2682.629883
10/31/2018,2711.73999
11/1/2018,2740.370117
11/2/2018,2723.060059
11/5/2018,2738.310059
11/6/2018,2755.449951
11/7/2018,2813.889893
11/8/2018,2806.830078
11/9/2018,2781.01001
11/12/2018,2726.219971
11/13/2018,2722.179932
11/14/2018,2701.580078
11/15/2018,2730.199951
11/16/2018,2736.27002
11/19/2018,2690.72998
11/20/2018,2641.889893
11/21/2018,2649.929932
11/23/2018,2632.560059
11/26/2018,2673.449951
11/27/2018,2682.169922
11/28/2018,2743.790039
11/29/2018,2737.800049
11/30/2018,2760.169922
12/3/2018,2790.370117
12/4/2018,2700.060059
12/6/2018,2695.949951
12/7/2018,2633.080078
12/10/2018,2637.719971
12/11/2018,2636.780029
12/12/2018,2651.070068
12/13/2018,2650.540039
12/14/2018,2599.949951
12/17/2018,2545.939941
12/18/2018,2546.159912
12/19/2018,2506.959961
12/20/2018,2467.419922
12/21/2018,2416.620117
12/24/2018,2351.100098
12/26/2018,2467.699951
12/27/2018,2488.830078
12/28/2018,2485.73999
12/31/2018,2506.850098
1/2/2019,2510.030029
1/3/2019,2447.889893
1/4/2019,2531.939941
1/7/2019,2549.689941
1/8/2019,2574.409912
1/9/2019,2584.959961
1/10/2019,2596.639893
1/11/2019,2596.26001
1/14/2019,2582.610107
1/15/2019,2610.300049
1/16/2019,2616.100098
1/17/2019,2635.959961
1/18/2019,2670.709961
1/22/2019,2632.899902
1/23/2019,2638.699951
1/24/2019,2642.330078
1/25/2019,2664.76001
1/28/2019,2643.850098
1/29/2019,2640.0
1/30/2019,2681.050049
1/31/2019,2704.100098
2/1/2019,2706.530029
2/4/2019,2724.870117
2/5/2019,2737.699951
2/6/2019,2731.610107
2/7/2019,2706.050049
2/8/2019,2707.879883
2/11/2019,2709.800049
2/12/2019,2744.72998
2/13/2019,2753.030029
2/14/2019,2745.72998
2/15/2019,2775.600098
2/19/2019,2779.76001
2/20/2019,2784.699951
2/21/2019,2774.879883
2/22/2019,2792.669922
2/25/2019,2796.110107
2/26/2019,2793.899902
2/27/2019,2792.379883
2/28/2019,2784.48999
3/1/2019,2803.689941
3/4/2019,2792.810059
3/5/2019,2789.649902
3/6/2019,2771.449951
3/7/2019,2748.929932
3/8/2019,2743.070068
3/11/2019,2783.300049
3/12/2019,2791.52002
3/13/2019,2810.919922
3/14/2019,2808.47998
3/15/2019,2822.47998
3/18/2019,2832.939941
3/19/2019,2832.570068
3/20/2019,2824.22998
3/21/2019,2854.879883
3/22/2019,2800.709961
3/25/2019,2798.360107
3/26/2019,2818.459961
3/27/2019,2805.370117
3/28/2019,2815.439941
3/29/2019,2834.399902
4/1/2019,2867.189941
4/2/2019,2867.23999
4/3/2019,2873.399902
4/4/2019,2879.389893
4/5/2019,2892.73999
4/8/2019,2895.77002
4/9/2019,2878.199951
4/10/2019,2888.209961
4/11/2019,2888.320068
4/12/2019,2907.409912
4/15/2019,2905.580078
4/16/2019,2907.060059
4/17/2019,2900.449951
4/18/2019,2905.030029
4/22/2019,2907.969971
4/23/2019,2933.679932
4/24/2019,2927.25
4/25/2019,2926.169922
4/26/2019,2939.879883
4/29/2019,2943.030029
4/30/2019,2945.830078
5/1/2019,2923.72998
5/2/2019,2917.52002
5/3/2019,2945.639893
5/6/2019,2932.469971
5/7/2019,2884.050049
5/8/2019,2879.419922
5/9/2019,2870.719971
5/10/2019,2881.399902
5/13/2019,2811.870117
5/14/2019,2834.409912
5/15/2019,2850.959961
5/16/2019,2876.320068
5/17/2019,2859.530029
5/20/2019,2840.22998
5/21/2019,2864.360107
5/22/2019,2856.27002
5/23/2019,2822.23999
5/24/2019,2826.060059
5/28/2019,2802.389893
5/29/2019,2783.02002
5/30/2019,2788.860107
5/31/2019,2752.060059
6/3/2019,2744.449951
6/4/2019,2803.27002
6/5/2019,2826.149902
6/6/2019,2843.48999
6/7/2019,2873.340088
6/10/2019,2886.72998
6/11/2019,2885.719971
6/12/2019,2879.840088
6/13/2019,2891.639893
6/14/2019,2886.97998
6/17/2019,2889.669922
6/18/2019,2917.75
6/19/2019,2926.459961
6/20/2019,2954.179932
6/21/2019,2950.459961
6/24/2019,2945.350098
6/25/2019,2917.379883
6/26/2019,2913.780029
6/27/2019,2924.919922
6/28/2019,2941.76001
7/1/2019,2964.330078
7/2/2019,2973.01001
7/3/2019,2995.820068
7/5/2019,2990.409912
7/8/2019,2975.949951
7/9/2019,2979.629883
7/10/2019,2993.070068
7/11/2019,2999.909912
7/12/2019,3013.77002
7/15/2019,3014.300049
7/16/2019,3004.040039
7/17/2019,2984.419922
7/18/2019,2995.110107
7/19/2019,2976.610107
7/22/2019,2985.030029
7/23/2019,3005.469971
7/24/2019,3019.560059
7/25/2019,3003.669922
7/26/2019,3025.860107
7/29/2019,3020.969971
7/30/2019,3013.179932
7/31/2019,2980.379883
8/1/2019,2953.560059
8/2/2019,2932.050049
8/5/2019,2844.73999
8/6/2019,2881.77002
8/7/2019,2883.97998
8/8/2019,2938.090088
8/9/2019,2918.649902
8/12/2019,2882.699951
8/13/2019,2926.320068
8/14/2019,2840.600098
8/15/2019,2847.600098
8/16/2019,2888.679932
8/19/2019,2923.649902
8/20/2019,2900.51001
8/21/2019,2924.429932
8/22/2019,2922.949951
8/23/2019,2847.110107
8/26/2019,2878.379883
8/27/2019,2869.159912
8/28/2019,2887.939941
8/29/2019,2924.580078
8/30/2019,2926.459961
9/3/2019,2906.27002
9/4/2019,2937.780029
9/5/2019,2976.0
9/6/2019,2978.709961
9/9/2019,2978.429932
9/10/2019,2979.389893
9/11/2019,3000.929932
9/12/2019,3009.570068
9/13/2019,3007.389893
9/16/2019,2997.959961
9/17/2019,3005.699951
9/18/2019,3006.72998
9/19/2019,3006.790039
9/20/2019,2992.070068
9/23/2019,2991.780029
9/24/2019,2966.600098
9/25/2019,2984.870117
9/26/2019,2977.620117
9/27/2019,2961.790039
9/30/2019,2976.73999
10/1/2019,2940.25
10/2/2019,2887.610107
10/3/2019,2910.629883
10/4/2019,2952.01001
10/7/2019,2938.790039
10/8/2019,2893.060059
10/9/2019,2919.399902
10/10/2019,2938.129883
10/11/2019,2970.27002
10/14/2019,2966.149902
10/15/2019,2995.679932
10/16/2019,2989.689941
10/17/2019,2997.949951
10/18/2019,2986.199951
10/21/2019,3006.719971
10/22/2019,2995.98999
10/23/2019,3004.52002
10/24/2019,3010.290039
10/25/2019,3022.550049
10/28/2019,3039.419922
10/29/2019,3036.889893
10/30/2019,3046.77002
10/31/2019,3037.560059
11/1/2019,3066.909912
11/4/2019,3078.27002
11/5/2019,3074.620117
11/6/2019,3076.780029
11/7/2019,3085.179932
11/8/2019,3093.080078
11/11/2019,3087.01001
11/12/2019,3091.840088
11/13/2019,3094.040039
11/14/2019,3096.629883
11/15/2019,3120.459961
11/18/2019,3122.030029
11/19/2019,3120.179932
11/20/2019,3108.459961
11/21/2019,3103.540039
11/22/2019,3110.290039
11/25/2019,3133.639893
11/26/2019,3140.52002
11/27/2019,3153.629883
11/29/2019,3140.97998
12/2/2019,3113.870117
12/3/2019,3093.199951
12/4/2019,3112.76001
12/5/2019,3117.429932
12/6/2019,3145.909912
12/9/2019,3135.959961
12/10/2019,3132.52002
12/11/2019,3141.629883
12/12/2019,3168.570068
12/13/2019,3168.800049
12/16/2019,3191.449951
12/17/2019,3192.52002
12/18/2019,3191.139893
12/19/2019,3205.370117
12/20/2019,3221.219971
12/23/2019,3224.01001
12/24/2019,3223.379883
12/26/2019,3239.909912
12/27/2019,3240.02002
12/30/2019,3221.290039
12/31/2019,3230.780029
1/2/2020,3257.850098
1/3/2020,3234.850098
1/6/2020,3246.280029
1/7/2020,3237.179932
1/8/2020,3253.050049
1/9/2020,3274.699951
1/10/2020,3265.350098
1/13/2020,3288.129883
1/14/2020,3283.149902
1/15/2020,3289.290039
1/16/2020,3316.810059
1/17/2020,3329.620117
1/21/2020,3320.790039
1/22/2020,3321.75
1/23/2020,3325.540039
1/24/2020,3295.469971
1/27/2020,3243.629883
1/28/2020,3276.23999
1/29/2020,3273.399902
1/30/2020,3283.659912
1/31/2020,3225.52002
2/3/2020,3248.919922
2/4/2020,3297.590088
2/5/2020,3334.689941
2/6/2020,3345.780029
2/7/2020,3327.709961
2/10/2020,3352.090088
2/11/2020,3357.75
2/12/2020,3379.449951
2/13/2020,3373.939941
2/14/2020,3380.159912
2/18/2020,3370.290039
2/19/2020,3386.149902
2/20/2020,3373.22998
2/21/2020,3337.75
2/24/2020,3225.889893
2/25/2020,3128.209961
2/26/2020,3116.389893
2/27/2020,2978.76001
2/28/2020,2954.219971
3/2/2020,3090.22998
3/3/2020,3003.370117
3/4/2020,3130.120117
3/5/2020,3023.939941
3/6/2020,2972.370117
3/9/2020,2746.560059
3/10/2020,2882.22998
3/11/2020,2741.379883
3/12/2020,2480.639893
3/13/2020,2711.02002
3/16/2020,2386.129883
3/17/2020,2529.189941
3/18/2020,2398.100098
3/19/2020,2409.389893
3/20/2020,2304.919922
3/23/2020,2237.399902
3/24/2020,2447.330078
3/25/2020,2475.560059
3/26/2020,2630.070068
3/27/2020,2541.469971
3/30/2020,2626.649902
3/31/2020,2584.590088
4/1/2020,2470.5
4/2/2020,2526.899902
4/3/2020,2488.649902
4/6/2020,2663.679932
4/7/2020,2659.409912
4/8/2020,2749.97998
4/9/2020,2789.820068
4/13/2020,2761.629883
4/14/2020,2846.060059
4/15/2020,2783.360107
4/16/2020,2799.550049
4/17/2020,2874.560059
4/20/2020,2823.159912
4/21/2020,2736.560059
4/22/2020,2799.310059
4/23/2020,2797.800049
4/24/2020,2836.73999
4/27/2020,2878.47998
4/28/2020,2863.389893
4/29/2020,2939.51001
4/30/2020,2912.429932
5/1/2020,2830.709961
5/4/2020,2842.73999
5/5/2020,2868.439941
5/6/2020,2848.419922
5/7/2020,2881.189941
5/8/2020,2929.800049
5/11/2020,2930.189941
5/12/2020,2870.120117
5/13/2020,2820.0
5/14/2020,2852.5
5/15/2020,2863.699951
5/18/2020,2953.909912
5/19/2020,2922.939941
5/20/2020,2971.610107
5/21/2020,2948.51001
5/22/2020,2955.449951
5/26/2020,2991.77002
5/27/2020,3036.129883
5/28/2020,3029.72998
5/29/2020,3044.310059
6/1/2020,3055.72998
6/2/2020,3080.820068
6/3/2020,3122.870117
6/4/2020,3112.350098
6/5/2020,3193.929932
6/8/2020,3232.389893
6/9/2020,3207.179932
6/10/2020,3190.139893
6/11/2020,3002.100098
6/12/2020,3041.310059
6/15/2020,3066.590088
6/16/2020,3124.73999
6/17/2020,3113.48999
6/18/2020,3115.340088
6/19/2020,3097.73999
6/22/2020,3117.860107
6/23/2020,3131.290039
6/24/2020,3050.330078
6/25/2020,3083.76001
6/26/2020,3009.050049
6/29/2020,3053.23999
6/30/2020,3100.290039
7/1/2020,3115.860107
7/2/2020,3130.01001
7/6/2020,3179.719971
7/7/2020,3145.320068
7/8/2020,3169.939941
7/9/2020,3152.050049
7/10/2020,3185.040039
7/13/2020,3155.219971
7/14/2020,3197.52002
7/15/2020,3226.560059
7/16/2020,3215.570068
7/17/2020,3224.72998
7/20/2020,3251.840088
7/21/2020,3257.300049
7/22/2020,3276.02002
7/23/2020,3235.659912
7/24/2020,3215.629883
7/27/2020,3239.409912
7/28/2020,3218.439941
7/29/2020,3258.439941
7/30/2020,3246.219971
7/31/2020,3271.120117
8/3/2020,3294.610107
8/4/2020,3306.51001
8/5/2020,3327.77002
8/6/2020,3349.159912
8/7/2020,3351.280029
8/10/2020,3360.469971
8/11/2020,3333.689941
8/12/2020,3380.350098
8/13/2020,3373.429932
8/14/2020,3372.850098
8/17/2020,3381.98999
8/18/2020,3389.780029
8/19/2020,3374.850098
8/20/2020,3385.51001
8/21/2020,3397.159912
8/24/2020,3431.280029
8/25/2020,3443.620117
8/26/2020,3478.72998
8/27/2020,3484.550049
8/28/2020,3508.01001
8/31/2020,3500.310059
9/1/2020,3526.649902
9/2/2020,3580.840088
9/3/2020,3455.060059
9/4/2020,3426.959961
9/8/2020,3331.840088
9/9/2020,3398.959961
9/10/2020,3339.189941
9/11/2020,3340.969971
9/14/2020,3383.540039
9/15/2020,3401.199951
9/16/2020,3385.48999
9/17/2020,3357.01001
9/18/2020,3319.469971
9/21/2020,3281.060059
9/22/2020,3315.570068
9/23/2020,3236.919922
9/24/2020,3246.590088
9/25/2020,3298.459961
9/28/2020,3351.600098
9/29/2020,3335.469971
9/30/2020,3363.0
10/1/2020,3380.800049
10/2/2020,3348.419922
10/5/2020,3408.600098
10/6/2020,3360.969971
10/7/2020,3419.439941
10/8/2020,3446.830078
10/9/2020,3477.139893
10/12/2020,3534.219971
10/13/2020,3511.929932
10/14/2020,3488.669922
10/15/2020,3483.340088
10/16/2020,3483.810059
10/19/2020,3426.919922
10/20/2020,3443.120117
10/21/2020,3435.560059
10/22/2020,3453.48999
10/23/2020,3465.389893
10/26/2020,3400.969971
10/27/2020,3390.679932
10/28/2020,3271.030029
10/29/2020,3310.110107
10/30/2020,3269.959961
11/2/2020,3310.23999
11/3/2020,3369.159912
11/4/2020,3443.439941
11/5/2020,3510.449951
11/6/2020,3509.439941
11/9/2020,3550.5
11/10/2020,3545.530029
11/11/2020,3572.659912
11/12/2020,3537.01001
11/13/2020,3585.149902
11/16/2020,3626.909912
11/17/2020,3609.530029
11/18/2020,3567.790039
11/19/2020,3581.870117
11/20/2020,3557.540039
11/23/2020,3577.590088
11/24/2020,3635.409912
11/25/2020,3629.649902
11/27/2020,3638.350098
11/30/2020,3621.629883
12/1/2020,3662.449951
12/2/2020,3669.01001
12/3/2020,3666.719971
12/4/2020,3699.120117
12/7/2020,3691.959961
12/8/2020,3702.25
12/9/2020,3672.820068
12/10/2020,3668.100098
12/11/2020,3663.459961
12/14/2020,3647.48999
12/15/2020,3694.620117
12/16/2020,3701.169922
12/17/2020,3722.47998
12/18/2020,3709.409912
12/21/2020,3694.919922
12/22/2020,3687.26001
12/23/2020,3690.01001
12/24/2020,3703.060059
12/28/2020,3735.360107
12/29/2020,3727.040039
12/30/2020,3732.040039
12/31/2020,3756.070068
1/4/2021,3700.649902
1/5/2021,3726.860107
1/6/2021,3748.139893
1/7/2021,3803.790039
1/8/2021,3824.679932
1/11/2021,3799.610107
1/12/2021,3801.189941
1/13/2021,3809.840088
1/14/2021,3795.540039
1/15/2021,3768.25
1/19/2021,3798.909912
1/20/2021,3851.850098
1/21/2021,3853.070068
1/22/2021,3841.469971
1/25/2021,3855.360107
1/26/2021,3849.620117
1/27/2021,3750.77002
1/28/2021,3787.379883
1/29/2021,3714.23999
2/1/2021,3773.860107
2/2/2021,3826.310059
2/3/2021,3830.169922
2/4/2021,3871.73999
2/5/2021,3886.830078
2/8/2021,3915.590088
2/9/2021,3911.22998
2/10/2021,3909.879883
2/11/2021,3916.379883
2/12/2021,3934.830078
2/16/2021,3932.590088
2/17/2021,3931.330078
2/18/2021,3913.969971
2/19/2021,3906.709961
2/22/2021,3876.5
2/23/2021,3881.370117
2/24/2021,3925.429932
2/25/2021,3829.340088
2/26/2021,3811.149902
3/1/2021,3901.820068
3/2/2021,3870.290039
3/3/2021,3819.719971
3/4/2021,3768.469971
3/5/2021,3841.939941
3/8/2021,3821.350098
3/9/2021,3875.439941
3/10/2021,3898.810059
3/11/2021,3939.340088
3/12/2021,3943.340088
3/15/2021,3968.939941
3/16/2021,3962.709961
3/17/2021,3974.120117
3/18/2021,3915.459961
3/19/2021,3913.100098
3/22/2021,3940.590088
3/23/2021,3910.52002
3/24/2021,3889.139893
3/25/2021,3909.52002
3/26/2021,3974.540039
3/29/2021,3971.090088
3/30/2021,3958.550049
3/31/2021,3972.889893
4/1/2021,4019.870117
4/5/2021,4077.909912
4/6/2021,4073.939941
4/7/2021,4079.949951
4/8/2021,4097.169922
4/9/2021,4128.799805
4/12/2021,4127.990234
4/13/2021,4141.589844
4/14/2021,4124.660156
4/15/2021,4170.419922
4/16/2021,4185.470215
4/19/2021,4163.259766
4/20/2021,4134.939941
4/21/2021,4173.419922
4/22/2021,4134.97998
4/23/2021,4180.169922
4/26/2021,4187.620117
4/27/2021,4186.720215
4/28/2021,4183.180176
4/29/2021,4211.470215
4/30/2021,4181.169922
5/3/2021,4192.660156
5/4/2021,4164.660156
5/5/2021,4167.589844
5/6/2021,4201.620117
5/7/2021,4232.600098
5/10/2021,4188.430176
5/11/2021,4152.100098
5/12/2021,4063.040039
5/13/2021,4112.5
5/14/2021,4173.850098
5/17/2021,4163.290039
5/18/2021,4127.830078
5/19/2021,4115.680176
5/20/2021,4159.120117
5/21/2021,4155.859863
5/24/2021,4197.049805
5/25/2021,4188.129883
5/26/2021,4195.990234
5/27/2021,4200.879883
5/28/2021,4204.109863
6/1/2021,4202.040039
6/2/2021,4208.120117
6/3/2021,4192.850098
6/4/2021,4229.890137
6/7/2021,4226.52002
6/8/2021,4227.259766
6/9/2021,4219.549805
6/10/2021,4239.180176
6/11/2021,4247.439941
6/14/2021,4255.149902
6/15/2021,4246.589844
6/16/2021,4223.700195
6/17/2021,4221.859863
6/18/2021,4166.450195
6/21/2021,4224.790039
6/22/2021,4246.439941
6/23/2021,4241.839844
6/24/2021,4266.490234
6/25/2021,4280.700195
6/28/2021,4290.609863
6/29/2021,4291.799805
6/30/2021,4297.5
7/1/2021,4319.939941
7/2/2021,4352.339844
7/6/2021,4343.540039
7/7/2021,4358.129883
7/8/2021,4320.819824
7/9/2021,4369.549805
7/12/2021,4384.629883
7/13/2021,4369.209961
7/14/2021,4374.299805
7/15/2021,4360.029785
7/16/2021,4327.160156
7/19/2021,4258.490234
7/20/2021,4323.060059
7/21/2021,4358.689941
7/22/2021,4367.47998
7/23/2021,4411.790039
7/26/2021,4422.299805
7/27/2021,4401.459961
7/28/2021,4400.640137
7/29/2021,4419.149902
7/30/2021,4395.259766
8/2/2021,4387.160156
8/3/2021,4423.149902
8/4/2021,4402.660156
8/5/2021,4429.100098
8/6/2021,4436.52002
8/9/2021,4432.350098
8/10/2021,4436.75
8/11/2021,4442.410156
8/12/2021,4460.830078
8/13/2021,4468.0
8/16/2021,4479.709961
8/17/2021,4448.080078
8/18/2021,4400.27002
8/19/2021,4405.799805
8/20/2021,4441.669922
8/23/2021,4479.529785
8/24/2021,4486.22998
8/25/2021,4496.189941
8/26/2021,4470.0
8/27/2021,4509.370117
8/30/2021,4528.790039
8/31/2021,4522.680176
9/1/2021,4524.089844
9/2/2021,4536.950195
9/3/2021,4535.430176
9/7/2021,4520.029785
9/8/2021,4514.069824
9/9/2021,4493.279785
9/10/2021,4458.580078
9/13/2021,4468.72998
9/14/2021,4443.049805
9/15/2021,4480.700195
9/16/2021,4473.75
9/17/2021,4432.990234
9/20/2021,4357.72998
9/21/2021,4354.189941
9/22/2021,4395.640137
9/23/2021,4448.97998
9/24/2021,4455.47998
9/27/2021,4443.109863
9/28/2021,4352.629883
9/29/2021,4359.459961
9/30/2021,4307.540039
10/1/2021,4357.040039
10/4/2021,4300.459961
10/5/2021,4345.720215
10/6/2021,4363.549805
10/7/2021,4399.759766
10/8/2021,4391.339844
10/11/2021,4361.189941
10/12/2021,4350.649902
10/13/2021,4363.799805
10/14/2021,4438.259766
10/15/2021,4471.370117
10/18/2021,4486.459961
10/19/2021,4519.629883
10/20/2021,4536.189941
10/21/2021,4549.779785
10/22/2021,4544.899902
10/25/2021,4566.47998
10/26/2021,4574.790039
10/27/2021,4551.680176
10/28/2021,4596.419922
10/29/2021,4605.379883
11/1/2021,4613.669922
11/2/2021,4630.649902
11/3/2021,4660.569824
11/4/2021,4680.060059
11/5/2021,4697.529785
11/8/2021,4701.700195
11/9/2021,4685.25
11/10/2021,4646.709961
11/11/2021,4649.27002
11/12/2021,4682.850098
11/15/2021,4682.799805
11/16/2021,4700.899902
11/17/2021,4688.669922
11/18/2021,4704.540039
11/19/2021,4697.959961
11/22/2021,4682.939941
11/23/2021,4690.700195
11/24/2021,4701.459961
11/26/2021,4594.620117
11/29/2021,4655.27002
11/30/2021,4567.0
12/1/2021,4513.040039
12/2/2021,4577.100098
12/3/2021,4538.430176
12/6/2021,4591.669922
12/7/2021,4686.75
12/8/2021,4701.209961
12/9/2021,4667.450195
12/10/2021,4712.02002
12/13/2021,4668.970215
12/14/2021,4634.089844
12/15/2021,4709.850098
12/16/2021,4668.669922
12/17/2021,4620.640137
12/20/2021,4568.02002
12/21/2021,4649.22998
12/22/2021,4696.560059
12/23/2021,4725.790039
12/27/2021,4791.189941
12/28/2021,4786.350098
12/29/2021,4793.060059
12/30/2021,4778.72998
12/31/2021,4766.180176
1/3/2022,4796.560059
1/4/2022,4793.540039
1/5/2022,4700.580078
1/6/2022,4696.049805
1/7/2022,4677.029785
1/10/2022,4670.290039
1/11/2022,4713.069824
1/12/2022,4726.350098
1/13/2022,4659.029785
1/14/2022,4662.850098
1/18/2022,4577.109863
1/19/2022,4532.759766
1/20/2022,4482.72998
1/21/2022,4397.939941
1/24/2022,4410.129883
1/25/2022,4356.450195
1/26/2022,4349.930176
1/27/2022,4326.509766
1/28/2022,4431.850098
1/31/2022,4515.549805
2/1/2022,4546.540039
2/2/2022,4589.379883
2/3/2022,4477.439941
2/4/2022,4500.529785
2/7/2022,4483.870117
2/8/2022,4521.540039
2/9/2022,4587.180176
2/10/2022,4504.080078
2/11/2022,4418.640137
2/14/2022,4401.669922
2/15/2022,4471.069824
2/16/2022,4475.009766
2/17/2022,4380.259766
2/18/2022,4348.870117
2/22/2022,4304.759766
2/23/2022,4225.5
2/24/2022,4288.700195
2/25/2022,4384.649902
2/28/2022,4373.939941
3/1/2022,4306.259766
3/2/2022,4386.540039
3/3/2022,4363.490234
3/4/2022,4328.870117
3/7/2022,4201.089844
3/8/2022,4170.700195
3/9/2022,4277.879883
3/10/2022,4259.52002
3/11/2022,4204.310059
3/14/2022,4173.109863
3/15/2022,4262.450195
3/16/2022,4357.859863
3/17/2022,4411.669922
3/18/2022,4463.120117
3/21/2022,4461.180176
3/22/2022,4511.609863
3/23/2022,4456.240234
3/24/2022,4520.160156
3/25/2022,4543.060059
3/28/2022,4575.52002
3/29/2022,4631.600098
3/30/2022,4602.450195
3/31/2022,4530.410156
4/1/2022,4545.859863
4/4/2022,4582.640137
4/5/2022,4525.120117
4/6/2022,4481.149902
4/7/2022,4500.209961
4/8/2022,4488.279785
4/11/2022,4412.529785
4/12/2022,4397.450195
4/13/2022,4446.589844
4/14/2022,4392.589844
4/18/2022,4391.689941
4/19/2022,4462.209961
4/20/2022,4459.450195
4/21/2022,4393.660156
4/22/2022,4271.779785
4/25/2022,4296.120117
4/26/2022,4175.200195
4/27/2022,4183.959961
4/28/2022,4287.5
4/29/2022,4131.930176
5/2/2022,4155.379883
5/3/2022,4175.47998
5/4/2022,4300.169922
5/5/2022,4143.240234
